{
    "display": {
        "title": {
            "text": "La luz del infierno"
        },
        "description": {
            "text": "Consigue polvo de piedra luminosa."
        },
        "icon": {
            "item": "minecraft:glowstone_dust"
        },
        "frame": "task",
        "show_toast": true,
        "announce_to_chat": true,
        "hidden": false
    },
    "criteria": {
        "GlowstoneDust": {
            "trigger": "minecraft:inventory_changed",
            "conditions": {
                "items": [
                    {
                        "items": [
                            "minecraft:glowstone_dust"
                        ]
                    }
                ]
            }
        }
    },
    "parent": "nether/root"
}
