{
    "display": {
        "title": {
            "text": "Verrugas mágicas"
        },
        "description": {
            "text": "Consigue verrugas del Nether en una fortaleza"
        },
        "icon": {
            "item": "minecraft:nether_wart"
        },
        "frame": "task",
        "show_toast": true,
        "announce_to_chat": true,
        "hidden": false
    },
    "criteria": {
        "NetherWart": {
            "trigger": "minecraft:inventory_changed",
            "conditions": {
                "items": [
                    {
                        "items": [
                            "minecraft:nether_wart"
                        ]
                    }
                ]
            }
        }
    },
    "parent": "nether/find_fortress"
}
