{
  "display": {
    "icon": {
      "item": "minecraft:carved_pumpkin"
    },
    "title": "Visión tallada",
    "description": "Mata a un enderman en el End mientras usas una calabaza tallada como casco.",
    "frame": "task",
    "show_toast": true,
    "announce_to_chat": true,
    "hidden": false
  },
  "parent": "minecraft:end/dragon_breath",
  "criteria": {
    "carved_pumpkin": {
      "trigger": "minecraft:player_killed_entity",
      "conditions": {
        "player": {
          "location": {
            "dimension": "minecraft:the_end"
          },
          "equipment": {
            "head": {
              "items": [
                "minecraft:carved_pumpkin"
              ]
            }
          }
        },
        "entity": {
          "type": "minecraft:enderman"
        }
      }
    }
  }
}
