{
  "display": {
    "icon": {
      "item": "minecraft:shield"
    },
    "title": "Antilevitación",
    "description": "Desvía un proyectil de shulker con un escudo.",
    "frame": "task",
    "show_toast": true,
    "announce_to_chat": true,
    "hidden": false
  },
  "parent": "minecraft:end/find_end_city",
  "criteria": {
    "deflect_shulker_bullet": {
      "trigger": "minecraft:entity_hurt_player",
      "conditions": {
        "damage": {
          "blocked": true,
          "source_entity": {
            "type": "minecraft:shulker"
          }
        }
      }
    }
  }
}
