{
  "display": {
    "icon": {
      "item": "minecraft:chorus_plant"
    },
    "title": "Volando entre islas",
    "description": "Descubre todos los biomas del End.",
    "frame": "goal",
    "show_toast": true,
    "announce_to_chat": true,
    "hidden": false
  },
  "parent": "minecraft:end/enter_end_gateway",
  "criteria": {
    "explore_the_end_1": {
      "trigger": "minecraft:location",
      "conditions": {
        "player": {
          "location": {
            "biome": "minecraft:the_end"
          }
        }
      }
    },
    "explore_the_end_2": {
      "trigger": "minecraft:location",
      "conditions": {
        "player": {
          "location": {
            "biome": "minecraft:small_end_islands"
          }
        }
      }
    },
    "explore_the_end_3": {
      "trigger": "minecraft:location",
      "conditions": {
        "player": {
          "location": {
            "biome": "minecraft:end_midlands"
          }
        }
      }
    },
    "explore_the_end_4": {
      "trigger": "minecraft:location",
      "conditions": {
        "player": {
          "location": {
            "biome": "minecraft:end_highlands"
          }
        }
      }
    },
    "explore_the_end_5": {
      "trigger": "minecraft:location",
      "conditions": {
        "player": {
          "location": {
            "biome": "minecraft:end_barrens"
          }
        }
      }
    }
  },
  "requirements": [
    [
      "explore_the_end_1"
    ],
    [
      "explore_the_end_2"
    ],
    [
      "explore_the_end_3"
    ],
    [
      "explore_the_end_4"
    ],
    [
      "explore_the_end_5"
    ]
  ]
}
