{
  "display": {
    "icon": {
      "item": "minecraft:shulker_box"
    },
    "title": "Cofre portátil",
    "description": "Fabrica una caja de shulker con dos caparazones.",
    "frame": "goal",
    "show_toast": true,
    "announce_to_chat": true,
    "hidden": false
  },
  "parent": "minecraft:end/deflect_shulker_bullet",
  "criteria": {
    "shulker_box": {
      "trigger": "minecraft:inventory_changed",
      "conditions": {
        "items": [
          {
            "items": [
              "minecraft:shulker_box"
            ]
          }
        ]
      }
    }
  }
}
