{
    "display": {
        "title": {
            "text": "Sabe raro..."
        },
        "description": {
            "text": "Consume una poción rara."
        },
        "icon": {
            "item": "minecraft:potion",
            "nbt": "{Potion:water}"
        },
        "frame": "challenge",
        "show_toast": true,
        "announce_to_chat": true,
        "hidden": false
    },
    "criteria": {
        "AwkwardPotion": {
            "trigger": "minecraft:consume_item",
            "conditions": {
                "item": {
                    "potion": "minecraft:awkward",
                    "items": [
                        "minecraft:potion"
                    ]
                }
            }
        }
    },
    "parent": "nether/nether_wart"
}
