{
    "criteria": {
        "boxes": {
            "trigger": "minecraft:inventory_changed",
            "conditions": {
                "items": [
                    {
                        "nbt": "{display:{}}",
                        "tag": "minecraft:shulker_boxes"
                    }
                ]
            }
        }
    },
    "display": {
        "announce_to_chat": true,
        "description": {
            "text": "Renombra una caja de Shulker con un yunque."
        },
        "frame": "goal",
        "hidden": false,
        "icon": {
            "item": "minecraft:red_shulker_box"
        },
        "show_toast": true,
        "title": {
            "text": "Mago del orden"
        }
    },
    "parent": "end/shulker_box"
}
