{
    "criteria": {
        "impossible": {
            "trigger": "minecraft:impossible"
        }
    },
    "display": {
        "title": {
            "text": "Supersónico"
        },
        "description": {
            "text": "Vuela con unos élitros y atraviesa un agujero de 1 por 1 a más de 40 m/s."
        },
        "icon": {
            "item": "minecraft:elytra"
        },
        "frame": "challenge",
        "show_toast": true,
        "announce_to_chat": true,
        "hidden": false
    },
    "parent": "end/elytra"
}
