{
    "display": {
        "title": {
            "text": "Peludo y armado"
        },
        "description": {
            "text": "Lanza una espada de netherita a un zorro."
        },
        "icon": {
            "item": "minecraft:netherite_sword"
        },
        "frame": "challenge",
        "show_toast": true,
        "announce_to_chat": true,
        "hidden": false
    },
    "criteria": {
        "FoxSword": {
            "trigger": "minecraft:thrown_item_picked_up_by_entity",
            "conditions": {
                "entity": {
                    "type": "minecraft:fox"
                },
                "item": {
                    "items": [
                        "minecraft:netherite_sword"
                    ]
                }
            }
        }
    },
    "parent": "husbandry/distract_fox"
}
