{
  "display": {
    "icon": {
      "item": "minecraft:jungle_boat"
    },
    "title": {
      "translate": "Surcador final"
    },
    "description": {
      "translate": "Métete en una barca y flota con un shulker."
    },
    "frame": "challenge",
    "show_toast": true,
    "announce_to_chat": true,
    "hidden": false
  },
  "criteria": {
    "RideABoatWithAShulker": {
      "trigger": "minecraft:started_riding",
      "conditions": {
        "player": [
          {
            "condition": "minecraft:entity_properties",
            "predicate": {
              "vehicle": {
                "type": "minecraft:boat",
                "passenger": {
                  "type": "minecraft:shulker"
                }
              }
            },
            "entity": "this"
          }
        ]
      }
    }
  },
  "requirements": [
    [
      "RideABoatWithAShulker"
    ]
  ],
  "parent": "husbandry/ride_a_boat_with_a_mooshroom"
}
