{
    "display": {
        "title": {
            "text": "Mala hierba nunca muere"
        },
        "description": {
            "text": "Consigue hierba marina, útil para reproducir tortugas."
        },
        "icon": {
            "item": "minecraft:seagrass"
        },
        "frame": "task",
        "show_toast": true,
        "announce_to_chat": true,
        "hidden": false
    },
    "criteria": {
        "Seagrass": {
            "trigger": "minecraft:inventory_changed",
            "conditions": {
                "items": [
                    {
                        "items": [
                            "minecraft:seagrass"
                        ]
                    }
                ]
            }
        }
    },
    "parent": "husbandry/root"
}
