{
    "display": {
        "title": {
            "text": "Protegido cual Neptuno"
        },
        "description": {
            "text": "Fabrica un caparazón de tortuga con escamas."
        },
        "icon": {
            "item": "minecraft:turtle_helmet"
        },
        "frame": "goal",
        "show_toast": true,
        "announce_to_chat": true,
        "hidden": false
    },
    "criteria": {
        "TurtleHelmet": {
            "trigger": "minecraft:inventory_changed",
            "conditions": {
                "items": [
                    {
                        "items": [
                            "minecraft:turtle_helmet"
                        ]
                    }
                ]
            }
        }
    },
    "parent": "husbandry/scute"
}
