{
  "display": {
    "icon": {
      "item": "minecraft:snort_pottery_sherd"
    },
    "title": "Frágil, manejar con cuidado",
    "description": "Obtén todos los fragmentos de cerámica de cada estructura.",
    "frame": "challenge",
    "show_toast": true,
    "announce_to_chat": true,
    "hidden": false
  },
  "parent": "minecraft:adventure/craft_decorated_pot_using_only_sherds",
  "criteria": {
    "all_pottery_sherds_1": {
      "trigger": "minecraft:inventory_changed",
      "conditions": {
        "items": [
          {
            "items": [
              "minecraft:angler_pottery_sherd"
            ]
          }
        ]
      }
    },
    "all_pottery_sherds_2": {
      "trigger": "minecraft:inventory_changed",
      "conditions": {
        "items": [
          {
            "items": [
              "minecraft:archer_pottery_sherd"
            ]
          }
        ]
      }
    },
    "all_pottery_sherds_3": {
      "trigger": "minecraft:inventory_changed",
      "conditions": {
        "items": [
          {
            "items": [
              "minecraft:arms_up_pottery_sherd"
            ]
          }
        ]
      }
    },
    "all_pottery_sherds_4": {
      "trigger": "minecraft:inventory_changed",
      "conditions": {
        "items": [
          {
            "items": [
              "minecraft:blade_pottery_sherd"
            ]
          }
        ]
      }
    },
    "all_pottery_sherds_5": {
      "trigger": "minecraft:inventory_changed",
      "conditions": {
        "items": [
          {
            "items": [
              "minecraft:brewer_pottery_sherd"
            ]
          }
        ]
      }
    },
    "all_pottery_sherds_6": {
      "trigger": "minecraft:inventory_changed",
      "conditions": {
        "items": [
          {
            "items": [
              "minecraft:burn_pottery_sherd"
            ]
          }
        ]
      }
    },
    "all_pottery_sherds_7": {
      "trigger": "minecraft:inventory_changed",
      "conditions": {
        "items": [
          {
            "items": [
              "minecraft:danger_pottery_sherd"
            ]
          }
        ]
      }
    },
    "all_pottery_sherds_8": {
      "trigger": "minecraft:inventory_changed",
      "conditions": {
        "items": [
          {
            "items": [
              "minecraft:explorer_pottery_sherd"
            ]
          }
        ]
      }
    },
    "all_pottery_sherds_9": {
      "trigger": "minecraft:inventory_changed",
      "conditions": {
        "items": [
          {
            "items": [
              "minecraft:friend_pottery_sherd"
            ]
          }
        ]
      }
    },
    "all_pottery_sherds_10": {
      "trigger": "minecraft:inventory_changed",
      "conditions": {
        "items": [
          {
            "items": [
              "minecraft:heart_pottery_sherd"
            ]
          }
        ]
      }
    },
    "all_pottery_sherds_11": {
      "trigger": "minecraft:inventory_changed",
      "conditions": {
        "items": [
          {
            "items": [
              "minecraft:heartbreak_pottery_sherd"
            ]
          }
        ]
      }
    },
    "all_pottery_sherds_12": {
      "trigger": "minecraft:inventory_changed",
      "conditions": {
        "items": [
          {
            "items": [
              "minecraft:howl_pottery_sherd"
            ]
          }
        ]
      }
    },
    "all_pottery_sherds_13": {
      "trigger": "minecraft:inventory_changed",
      "conditions": {
        "items": [
          {
            "items": [
              "minecraft:miner_pottery_sherd"
            ]
          }
        ]
      }
    },
    "all_pottery_sherds_14": {
      "trigger": "minecraft:inventory_changed",
      "conditions": {
        "items": [
          {
            "items": [
              "minecraft:mourner_pottery_sherd"
            ]
          }
        ]
      }
    },
    "all_pottery_sherds_15": {
      "trigger": "minecraft:inventory_changed",
      "conditions": {
        "items": [
          {
            "items": [
              "minecraft:plenty_pottery_sherd"
            ]
          }
        ]
      }
    },
    "all_pottery_sherds_16": {
      "trigger": "minecraft:inventory_changed",
      "conditions": {
        "items": [
          {
            "items": [
              "minecraft:prize_pottery_sherd"
            ]
          }
        ]
      }
    },
    "all_pottery_sherds_17": {
      "trigger": "minecraft:inventory_changed",
      "conditions": {
        "items": [
          {
            "items": [
              "minecraft:sheaf_pottery_sherd"
            ]
          }
        ]
      }
    },
    "all_pottery_sherds_18": {
      "trigger": "minecraft:inventory_changed",
      "conditions": {
        "items": [
          {
            "items": [
              "minecraft:shelter_pottery_sherd"
            ]
          }
        ]
      }
    },
    "all_pottery_sherds_19": {
      "trigger": "minecraft:inventory_changed",
      "conditions": {
        "items": [
          {
            "items": [
              "minecraft:skull_pottery_sherd"
            ]
          }
        ]
      }
    },
    "all_pottery_sherds_20": {
      "trigger": "minecraft:inventory_changed",
      "conditions": {
        "items": [
          {
            "items": [
              "minecraft:snort_pottery_sherd"
            ]
          }
        ]
      }
    }
  },
  "requirements": [
    [
      "all_pottery_sherds_1"
    ],
    [
      "all_pottery_sherds_2"
    ],
    [
      "all_pottery_sherds_3"
    ],
    [
      "all_pottery_sherds_4"
    ],
    [
      "all_pottery_sherds_5"
    ],
    [
      "all_pottery_sherds_6"
    ],
    [
      "all_pottery_sherds_7"
    ],
    [
      "all_pottery_sherds_8"
    ],
    [
      "all_pottery_sherds_9"
    ],
    [
      "all_pottery_sherds_10"
    ],
    [
      "all_pottery_sherds_11"
    ],
    [
      "all_pottery_sherds_12"
    ],
    [
      "all_pottery_sherds_13"
    ],
    [
      "all_pottery_sherds_14"
    ],
    [
      "all_pottery_sherds_15"
    ],
    [
      "all_pottery_sherds_16"
    ],
    [
      "all_pottery_sherds_17"
    ],
    [
      "all_pottery_sherds_18"
    ],
    [
      "all_pottery_sherds_19"
    ],
    [
      "all_pottery_sherds_20"
    ]
  ]
}
