{
  "display": {
    "icon": {
      "item": "minecraft:trident"
    },
    "title": "Terror cargado",
    "description": "Golpea a un creeper con un rayo y... ¡corre!",
    "frame": "goal",
    "show_toast": true,
    "announce_to_chat": true,
    "hidden": false
  },
  "parent": "minecraft:adventure/throw_trident",
  "criteria": {
    "charged_creeper": {
      "trigger": "minecraft:channeled_lightning",
      "conditions": {
        "victims": [
          {
            "type": "minecraft:creeper"
          }
        ]
      }
    }
  }
}
