{
  "display": {
    "icon": {
      "item": "minecraft:conduit"
    },
    "title": "Moskstraumen",
    "description": "Coloca un canalizador en una estructura valida para recibir canalización.",
    "frame": "challenge",
    "show_toast": true,
    "announce_to_chat": true,
    "hidden": false
  },
  "parent": "minecraft:adventure/conduit",
  "criteria": {
    "conduit_power": {
      "trigger": "minecraft:effects_changed",
      "conditions": {
        "effects": {
          "minecraft:conduit_power": {}
        }
      }
    }
  }
}
