{
  "display": {
    "icon": {
      "item": "minecraft:white_banner",
      "nbt": "{BlockEntityTag:{Patterns:[{Color:9,Pattern:\"mr\"},{Color:8,Pattern:\"bs\"},{Color:7,Pattern:\"cs\"},{Color:8,Pattern:\"bo\"},{Color:15,Pattern:\"ms\"},{Color:8,Pattern:\"hh\"},{Color:8,Pattern:\"mc\"},{Color:15,Pattern:\"bo\"}],id:\"minecraft:banner\"},HideFlags:32,display:{Name:'{\"color\":\"gold\",\"translate\":\"block.minecraft.ominous_banner\"}'}}"
    },
    "title": "Héroe del mundo",
    "description": "Defiende una aldea de una invasión de nivel cinco.",
    "frame": "challenge",
    "show_toast": true,
    "announce_to_chat": true,
    "hidden": true
  },
  "parent": "minecraft:adventure/hero_of_the_village",
  "criteria": {
    "hero_of_the_world": {
      "trigger": "minecraft:effects_changed",
      "conditions": {
        "effects": {
          "minecraft:hero_of_the_village": {
            "amplifier": 4
          }
        }
      }
    }
  }
}
