{
  "display": {
    "icon": {
      "item": "minecraft:heart_of_the_sea"
    },
    "title": "¡Mi oro!",
    "description": "Saquea un tesoro enterrado.",
    "frame": "task",
    "show_toast": true,
    "announce_to_chat": true,
    "hidden": false
  },
  "parent": "minecraft:adventure/root",
  "criteria": {
    "loot_buried_treasure": {
      "trigger": "minecraft:player_generates_container_loot",
      "conditions": {
        "loot_table": "minecraft:chests/buried_treasure"
      }
    }
  }
}
