{
  "display": {
    "icon": {
      "item": "minecraft:wet_sponge"
    },
    "title": "El final profundo",
    "description": "Entra a un profundo y peligroso monumento oceánico.",
    "frame": "goal",
    "show_toast": true,
    "announce_to_chat": true,
    "hidden": false
  },
  "parent": "minecraft:adventure/treasure_hunter",
  "criteria": {
    "monument": {
      "trigger": "minecraft:location",
      "conditions": {
        "player": {
          "location": {
            "structure": "minecraft:monument"
          }
        }
      }
    }
  }
}
