{
  "display": {
    "icon": {
      "item": "minecraft:sponge"
    },
    "title": "El final realmente profundo",
    "description": "Mata a un guardián anciano en el Nether.",
    "frame": "challenge",
    "show_toast": true,
    "announce_to_chat": true,
    "hidden": true
  },
  "parent": "minecraft:adventure/monument",
  "criteria": {
    "nether_elder_guardian": {
      "trigger": "minecraft:player_killed_entity",
      "conditions": {
        "entity": {
          "type": "minecraft:elder_guardian"
        }
      }
    }
  }
}
