{
  "display": {
    "icon": {
      "item": "minecraft:powder_snow_bucket"
    },
    "title": "¡Campanas de Belén!",
    "description": "Llena un cubo con nieve en polvo.",
    "frame": "task",
    "show_toast": true,
    "announce_to_chat": true,
    "hidden": false
  },
  "parent": "minecraft:adventure/walk_on_powder_snow_with_leather_boots",
  "criteria": {
    "powder_snow_bucket": {
      "trigger": "minecraft:filled_bucket",
      "conditions": {
        "item": {
          "items": [
            "minecraft:powder_snow_bucket"
          ]
        }
      }
    }
  }
}
