{
  "display": {
    "icon": {
      "item": "minecraft:diamond_leggings"
    },
    "title": "Echa un vistazo",
    "description": "Camina agachado cerca de un sensor de sculk o de un warden usando sigilo veloz.",
    "frame": "challenge",
    "show_toast": true,
    "announce_to_chat": true,
    "hidden": false
  },
  "parent": "minecraft:adventure/loot_ancient_city",
  "criteria": {
    "swift_sneak": {
      "trigger": "minecraft:avoid_vibration",
      "conditions": {
        "player": [
          {
            "condition": "minecraft:entity_properties",
            "entity": "this",
            "predicate": {
              "equipment": {
                "legs": {
                  "enchantments": [
                    {
                      "enchantment": "minecraft:swift_sneak"
                    }
                  ]
                }
              }
            }
          }
        ]
      }
    }
  }
}
