{
  "display": {
    "icon": {
      "item": "minecraft:dark_oak_log"
    },
    "title": "¿Qué estás haciendo aquí?",
    "description": "Comercia con un aldeano maestro en una mansión.",
    "frame": "challenge",
    "show_toast": true,
    "announce_to_chat": true,
    "hidden": true
  },
  "parent": "minecraft:adventure/mansion",
  "criteria": {
    "trade_in_a_mansion": {
      "trigger": "minecraft:villager_trade",
      "conditions": {
        "player": [
          {
            "condition": "minecraft:entity_properties",
            "entity": "this",
            "predicate": {
              "location": {
                "structure": "minecraft:mansion"
              }
            }
          }
        ],
        "villager": [
          {
            "condition": "minecraft:entity_properties",
            "entity": "this",
            "predicate": {
              "nbt": "{VillagerData:{level:5}}",
              "location": {
                "structure": "minecraft:mansion"
              }
            }
          }
        ]
      }
    }
  }
}
