{
  "display": {
    "icon": {
      "item": "minecraft:filled_map",
      "nbt": "{display:{MapColor:3830373}}"
    },
    "title": "Cazarrecompensas",
    "description": "Cómprale un mapa a un aldeano cartógrafo.",
    "frame": "task",
    "show_toast": true,
    "announce_to_chat": true,
    "hidden": false
  },
  "parent": "minecraft:adventure/trade",
  "criteria": {
    "treasure_hunter_1": {
      "trigger": "minecraft:villager_trade",
      "conditions": {
        "item": {
          "items": [
            "minecraft:filled_map"
          ],
          "nbt": "{display:{MapColor:3830373}}"
        }
      }
    },
    "treasure_hunter_2": {
      "trigger": "minecraft:villager_trade",
      "conditions": {
        "item": {
          "items": [
            "minecraft:filled_map"
          ],
          "nbt": "{display:{MapColor:5393476}}"
        }
      }
    }
  },
  "requirements": [
    [
      "treasure_hunter_1",
      "treasure_hunter_2"
    ]
  ]
}
