{
    "display": {
        "title": {
            "text": "Visión tallada"
        },
        "description": {
            "text": "Mata a un enderman en el End mientras usas una calabaza tallada como casco."
        },
        "icon": {
            "item": "minecraft:carved_pumpkin"
        },
        "frame": "task",
        "show_toast": true,
        "announce_to_chat": true,
        "hidden": false
    },
    "criteria": {
        "CarvedPumpkinEnd": {
            "trigger": "minecraft:player_killed_entity",
            "conditions": {
                "entity": {
                    "type": "minecraft:enderman",
                    "location": {
                        "dimension": "the_end"
                    }
                },
                "killing_blow": {
                    "source_entity": {
                        "equipment": {
                            "head": {
                                "items": [
                                    "minecraft:carved_pumpkin"
                                ]
                            }
                        }
                    }
                }
            }
        }
    },
    "parent": "end/dragon_breath"
}
