{
    "display": {
        "title": {
            "text": "Cosiendo mis alas"
        },
        "description": {
            "text": "Repara unos élitros con membranas de fantasma."
        },
        "icon": {
            "item": "minecraft:phantom_membrane"
        },
        "frame": "task",
        "show_toast": true,
        "announce_to_chat": true,
        "hidden": false
    },
    "criteria": {
        "Elytra1": {
            "trigger": "minecraft:inventory_changed",
            "conditions": {
                "items": [
                    {
                        "nbt": "{RepairCost:1}",
                        "items": [
                            "minecraft:elytra"
                        ]
                    }
                ]
            }
        },
        "Elytra2": {
            "trigger": "minecraft:inventory_changed",
            "conditions": {
                "items": [
                    {
                        "nbt": "{RepairCost:3}",
                        "items": [
                            "minecraft:elytra"
                        ]
                    }
                ]
            }
        },
        "Elytra3": {
            "trigger": "minecraft:inventory_changed",
            "conditions": {
                "items": [
                    {
                        "nbt": "{RepairCost:7}",
                        "items": [
                            "minecraft:elytra"
                        ]
                    }
                ]
            }
        },
        "Elytra4": {
            "trigger": "minecraft:inventory_changed",
            "conditions": {
                "items": [
                    {
                        "nbt": "{RepairCost:15}",
                        "items": [
                            "minecraft:elytra"
                        ]
                    }
                ]
            }
        }
    },
    "requirements": [
        [
            "Elytra1",
            "Elytra2",
            "Elytra3",
            "Elytra4"
        ]
    ],
    "parent": "end/elytra"
}
