{
  "display": {
    "icon": {
      "item": "minecraft:potion",
      "nbt": "{Potion:\"minecraft:awkward\"}"
    },
    "title": "Sabe raro...",
    "description": "Consume una poción rara.",
    "frame": "challenge",
    "show_toast": true,
    "announce_to_chat": true,
    "hidden": false
  },
  "parent": "minecraft:nether/kill_zoglin",
  "criteria": {
    "awkward_potion": {
      "trigger": "minecraft:consume_item",
      "conditions": {
        "item": {
          "potion": "minecraft:awkward"
        }
      }
    }
  }
}
