{
  "display": {
    "icon": {
      "item": "minecraft:golden_chestplate"
    },
    "title": "Maldición del piglin",
    "description": "Distrae un piglin con un objeto de oro maldito...",
    "frame": "goal",
    "show_toast": true,
    "announce_to_chat": true,
    "hidden": false
  },
  "parent": "minecraft:nether/distract_piglin",
  "criteria": {
    "cursed_gold_1": {
      "trigger": "minecraft:thrown_item_picked_up_by_entity",
      "conditions": {
        "entity": {
          "type": "minecraft:piglin"
        },
        "item": {
          "items": [
            "minecraft:golden_sword"
          ],
          "enchantments": [
            {
              "enchantment": "minecraft:vanishing_curse"
            }
          ]
        }
      }
    },
    "cursed_gold_2": {
      "trigger": "minecraft:thrown_item_picked_up_by_entity",
      "conditions": {
        "entity": {
          "type": "minecraft:piglin"
        },
        "item": {
          "items": [
            "minecraft:golden_pickaxe"
          ],
          "enchantments": [
            {
              "enchantment": "minecraft:vanishing_curse"
            }
          ]
        }
      }
    },
    "cursed_gold_3": {
      "trigger": "minecraft:thrown_item_picked_up_by_entity",
      "conditions": {
        "entity": {
          "type": "minecraft:piglin"
        },
        "item": {
          "items": [
            "minecraft:golden_axe"
          ],
          "enchantments": [
            {
              "enchantment": "minecraft:vanishing_curse"
            }
          ]
        }
      }
    },
    "cursed_gold_4": {
      "trigger": "minecraft:thrown_item_picked_up_by_entity",
      "conditions": {
        "entity": {
          "type": "minecraft:piglin"
        },
        "item": {
          "items": [
            "minecraft:golden_shovel"
          ],
          "enchantments": [
            {
              "enchantment": "minecraft:vanishing_curse"
            }
          ]
        }
      }
    },
    "cursed_gold_5": {
      "trigger": "minecraft:thrown_item_picked_up_by_entity",
      "conditions": {
        "entity": {
          "type": "minecraft:piglin"
        },
        "item": {
          "items": [
            "minecraft:golden_hoe"
          ],
          "enchantments": [
            {
              "enchantment": "minecraft:vanishing_curse"
            }
          ]
        }
      }
    },
    "cursed_gold_6": {
      "trigger": "minecraft:thrown_item_picked_up_by_entity",
      "conditions": {
        "entity": {
          "type": "minecraft:piglin"
        },
        "item": {
          "items": [
            "minecraft:golden_helmet"
          ],
          "enchantments": [
            {
              "enchantment": "minecraft:vanishing_curse"
            }
          ]
        }
      }
    },
    "cursed_gold_7": {
      "trigger": "minecraft:thrown_item_picked_up_by_entity",
      "conditions": {
        "entity": {
          "type": "minecraft:piglin"
        },
        "item": {
          "items": [
            "minecraft:golden_chestplate"
          ],
          "enchantments": [
            {
              "enchantment": "minecraft:vanishing_curse"
            }
          ]
        }
      }
    },
    "cursed_gold_8": {
      "trigger": "minecraft:thrown_item_picked_up_by_entity",
      "conditions": {
        "entity": {
          "type": "minecraft:piglin"
        },
        "item": {
          "items": [
            "minecraft:golden_leggings"
          ],
          "enchantments": [
            {
              "enchantment": "minecraft:vanishing_curse"
            }
          ]
        }
      }
    },
    "cursed_gold_9": {
      "trigger": "minecraft:thrown_item_picked_up_by_entity",
      "conditions": {
        "entity": {
          "type": "minecraft:piglin"
        },
        "item": {
          "items": [
            "minecraft:golden_boots"
          ],
          "enchantments": [
            {
              "enchantment": "minecraft:vanishing_curse"
            }
          ]
        }
      }
    },
    "cursed_gold_10": {
      "trigger": "minecraft:thrown_item_picked_up_by_entity",
      "conditions": {
        "entity": {
          "type": "minecraft:piglin"
        },
        "item": {
          "items": [
            "minecraft:golden_helmet"
          ],
          "enchantments": [
            {
              "enchantment": "minecraft:binding_curse"
            }
          ]
        }
      }
    },
    "cursed_gold_11": {
      "trigger": "minecraft:thrown_item_picked_up_by_entity",
      "conditions": {
        "entity": {
          "type": "minecraft:piglin"
        },
        "item": {
          "items": [
            "minecraft:golden_chestplate"
          ],
          "enchantments": [
            {
              "enchantment": "minecraft:binding_curse"
            }
          ]
        }
      }
    },
    "cursed_gold_12": {
      "trigger": "minecraft:thrown_item_picked_up_by_entity",
      "conditions": {
        "entity": {
          "type": "minecraft:piglin"
        },
        "item": {
          "items": [
            "minecraft:golden_leggings"
          ],
          "enchantments": [
            {
              "enchantment": "minecraft:binding_curse"
            }
          ]
        }
      }
    },
    "cursed_gold_13": {
      "trigger": "minecraft:thrown_item_picked_up_by_entity",
      "conditions": {
        "entity": {
          "type": "minecraft:piglin"
        },
        "item": {
          "items": [
            "minecraft:golden_boots"
          ],
          "enchantments": [
            {
              "enchantment": "minecraft:binding_curse"
            }
          ]
        }
      }
    }
  },
  "requirements": [
    [
      "cursed_gold_1",
      "cursed_gold_2",
      "cursed_gold_3",
      "cursed_gold_4",
      "cursed_gold_5",
      "cursed_gold_6",
      "cursed_gold_7",
      "cursed_gold_8",
      "cursed_gold_9",
      "cursed_gold_10",
      "cursed_gold_11",
      "cursed_gold_12",
      "cursed_gold_13"
    ]
  ]
}
