{
  "display": {
    "icon": {
      "item": "minecraft:ender_chest"
    },
    "title": "Cofre visionario",
    "description": "Fabrica un cofre de ender, es útil para guardar objetos de mucho valor...",
    "frame": "task",
    "show_toast": true,
    "announce_to_chat": true,
    "hidden": false
  },
  "parent": "minecraft:nether/ender_eye",
  "criteria": {
    "ender_chest": {
      "trigger": "minecraft:inventory_changed",
      "conditions": {
        "items": [
          {
            "items": [
              "minecraft:ender_chest"
            ]
          }
        ]
      }
    }
  }
}
