{
  "display": {
    "icon": {
      "item": "minecraft:ender_eye"
    },
    "title": "¿Listo para el jet-jag?",
    "description": "Fabrica un ojo de ender.",
    "show_toast": true,
    "announce_to_chat": true,
    "hidden": false
  },
  "parent": "minecraft:nether/obtain_blaze_rod",
  "criteria": {
    "eye_of_ender": {
      "trigger": "minecraft:inventory_changed",
      "conditions": {
        "items": [
          {
            "items": [
              "minecraft:ender_eye"
            ]
          }
        ]
      }
    }
  }
}
