{
  "display": {
    "icon": {
      "item": "minecraft:bone_block"
    },
    "title": "Arqueólogo",
    "description": "Encuentra unos fósiles del Nether enterrados.",
    "frame": "task",
    "show_toast": true,
    "announce_to_chat": true,
    "hidden": false
  },
  "parent": "minecraft:nether/root",
  "criteria": {
    "nether_fossils": {
      "trigger": "minecraft:location",
      "conditions": {
        "player": {
          "location": {
            "structure": "minecraft:nether_fossil"
          }
        }
      }
    }
  }
}
