{
  "display": {
    "icon": {
      "item": "minecraft:gilded_blackstone"
    },
    "title": "Un brillo áureo",
    "description": "Consigue piedra negra áurea de un bastión en ruinas.",
    "frame": "task",
    "show_toast": true,
    "announce_to_chat": true,
    "hidden": false
  },
  "parent": "minecraft:nether/find_bastion",
  "criteria": {
    "gilded_blackstone": {
      "trigger": "minecraft:inventory_changed",
      "conditions": {
        "items": [
          {
            "items": [
              "minecraft:gilded_blackstone"
            ]
          }
        ]
      }
    }
  }
}
