{
  "display": {
    "icon": {
      "item": "minecraft:music_disc_pigstep"
    },
    "title": "¡Ritmo caliente!",
    "description": "Encuentra el disco Pigstep en los cofres del bastión en ruinas.",
    "frame": "goal",
    "show_toast": true,
    "announce_to_chat": true,
    "hidden": true
  },
  "parent": "minecraft:nether/loot_bastion",
  "criteria": {
    "pigstep": {
      "trigger": "minecraft:inventory_changed",
      "conditions": {
        "items": [
          {
            "items": [
              "minecraft:music_disc_pigstep"
            ]
          }
        ]
      }
    }
  }
}
