{
  "display": {
    "icon": {
      "item": "minecraft:flint_and_steel"
    },
    "title": "El repelente ideal",
    "description": "Usa un mechero en un bloque de almas para encender un fuego azul y espantar a las criaturas.",
    "frame": "task",
    "show_toast": true,
    "announce_to_chat": true,
    "hidden": false
  },
  "parent": "minecraft:nether/root",
  "criteria": {
    "soul_fire_1": {
      "trigger": "minecraft:item_used_on_block",
      "conditions": {
        "item": {
          "items": [
            "minecraft:flint_and_steel"
          ]
        },
        "location": {
          "block": {
            "blocks": [
              "minecraft:soul_sand"
            ]
          }
        }
      }
    },
    "soul_fire_2": {
      "trigger": "minecraft:item_used_on_block",
      "conditions": {
        "item": {
          "items": [
            "minecraft:flint_and_steel"
          ]
        },
        "location": {
          "block": {
            "blocks": [
              "minecraft:soul_soil"
            ]
          }
        }
      }
    }
  },
  "requirements": [
    [
      "soul_fire_1",
      "soul_fire_2"
    ]
  ]
}
