{
  "display": {
    "icon": {
      "item": "minecraft:spectral_arrow"
    },
    "title": "Forjado con vidas",
    "description": "Consigue una flecha espectral.",
    "frame": "task",
    "show_toast": true,
    "announce_to_chat": true,
    "hidden": false
  },
  "parent": "minecraft:nether/glowstone_dust",
  "criteria": {
    "spectral_arrow": {
      "trigger": "minecraft:inventory_changed",
      "conditions": {
        "items": [
          {
            "items": [
              "minecraft:spectral_arrow"
            ]
          }
        ]
      }
    }
  }
}
