{
  "display": {
    "icon": {
      "item": "minecraft:filled_map"
    },
    "title": "Viajero del tiempo",
    "description": "Usa el Nether para recorrer 15 km en la superficie.",
    "frame": "challenge",
    "show_toast": true,
    "announce_to_chat": true,
    "hidden": true
  },
  "parent": "minecraft:nether/fast_travel",
  "criteria": {
    "nether_travel": {
      "trigger": "minecraft:nether_travel",
      "conditions": {
        "distance": {
          "absolute": 1500
        }
      }
    }
  },
  "rewards": {
    "experience": 300
  }
}
