{
    "display": {
        "title": {
            "text": "Faraón del faro"
        },
        "description": {
            "text": "Consigue todos los efectos del faro al nivel máximo y a la vez."
        },
        "icon": {
            "item": "minecraft:beacon"
        },
        "frame": "challenge",
        "show_toast": true,
        "announce_to_chat": true,
        "hidden": true
    },
    "criteria": {
        "Beacon": {
            "trigger": "minecraft:effects_changed",
            "conditions": {
                "effects": {
                    "minecraft:jump_boost": {
                        "amplifier": {
                            "min": 1,
                            "max": 1
                        }
                    },
                    "minecraft:speed": {
                        "amplifier": {
                            "min": 1,
                            "max": 1
                        }
                    },
                    "minecraft:resistance": {
                        "amplifier": {
                            "min": 1,
                            "max": 1
                        }
                    },
                    "minecraft:haste": {
                        "amplifier": {
                            "min": 1,
                            "max": 1
                        }
                    },
                    "minecraft:regeneration": {
                        "amplifier": {
                            "min": 0,
                            "max": 0
                        }
                    },
                    "minecraft:strength": {
                        "amplifier": {
                            "min": 1,
                            "max": 1
                        }
                    }
                }
            }
        }
    },
    "parent": "nether/create_full_beacon"
}
