{
    "display": {
        "title": {
            "text": "Arqueólogo"
        },
        "description": {
            "text": "Encuentra unos fosiles enterrados en arena de almas."
        },
        "icon": {
            "item": "minecraft:bone_block"
        },
        "frame": "task",
        "show_toast": true,
        "announce_to_chat": true,
        "hidden": true
    },
    "criteria": {
        "NetherFossils": {
            "trigger": "minecraft:location",
            "conditions": {
                "player": {
                    "location": {
                        "dimension": "the_nether",
                        "feature": "nether_fossil"
                    }
                }
            }
        }
    },
    "parent": "nether/root"
}
