{
    "criteria": {
        "lava": {
            "trigger": "minecraft:enter_block",
            "conditions": {
                "block": "minecraft:lava"
            }
        },
        "fire_res": {
            "trigger": "minecraft:effects_changed",
            "conditions": {
                "effects": {
                    "minecraft:fire_resistance": {
                        "duration": {
                            "min": 1,
                            "max": 9999999
                        }
                    }
                }
            }
        }
    },
    "rewards": {
        "function": "minecraft:swim_in_lava/start_testing"
    },
    "parent": "nether/swim_in_lava"
}
