{
    "criteria": {
        "impossible": {
            "trigger": "minecraft:impossible"
        }
    },
    "display": {
        "title": {
            "text": "Mantenerse frío"
        },
        "description": {
            "text": "Nada en lava mientras tienes el efecto de aspecto ígneo."
        },
        "icon": {
            "item": "minecraft:magma_cream"
        },
        "frame": "task",
        "show_toast": true,
        "announce_to_chat": true,
        "hidden": false
    },
    "parent": "nether/obtain_blaze_rod"
}
