{
  "display": {
    "icon": {
      "item": "minecraft:mojang_banner_pattern"
    },
    "title": "Coleccionista de telas",
    "description": "Consigue todos los patrones de estandarte.",
    "frame": "challenge",
    "show_toast": true,
    "announce_to_chat": true,
    "hidden": true
  },
  "parent": "minecraft:husbandry/banner_pattern",
  "criteria": {
    "banner_pattern_1": {
      "trigger": "minecraft:inventory_changed",
      "conditions": {
        "items": [
          {
            "items": [
              "minecraft:creeper_banner_pattern"
            ]
          }
        ]
      }
    },
    "banner_pattern_2": {
      "trigger": "minecraft:inventory_changed",
      "conditions": {
        "items": [
          {
            "items": [
              "minecraft:flower_banner_pattern"
            ]
          }
        ]
      }
    },
    "banner_pattern_3": {
      "trigger": "minecraft:inventory_changed",
      "conditions": {
        "items": [
          {
            "items": [
              "minecraft:globe_banner_pattern"
            ]
          }
        ]
      }
    },
    "banner_pattern_4": {
      "trigger": "minecraft:inventory_changed",
      "conditions": {
        "items": [
          {
            "items": [
              "minecraft:mojang_banner_pattern"
            ]
          }
        ]
      }
    },
    "banner_pattern_5": {
      "trigger": "minecraft:inventory_changed",
      "conditions": {
        "items": [
          {
            "items": [
              "minecraft:piglin_banner_pattern"
            ]
          }
        ]
      }
    },
    "banner_pattern_6": {
      "trigger": "minecraft:inventory_changed",
      "conditions": {
        "items": [
          {
            "items": [
              "minecraft:skull_banner_pattern"
            ]
          }
        ]
      }
    }
  },
  "requirements": [
    [
      "banner_pattern_1"
    ],
    [
      "banner_pattern_2"
    ],
    [
      "banner_pattern_3"
    ],
    [
      "banner_pattern_4"
    ],
    [
      "banner_pattern_5"
    ],
    [
      "banner_pattern_6"
    ]
  ],
  "rewards": {
    "experience": 50
  }
}
