{
  "display": {
    "icon": {
      "item": "minecraft:goat_horn"
    },
    "title": "Director de orquesta",
    "description": "Consigue todos los cuernos de cabra.",
    "frame": "challenge",
    "show_toast": true,
    "announce_to_chat": true,
    "hidden": false
  },
  "parent": "minecraft:husbandry/leash_a_screaming_goat",
  "criteria": {
    "goat_horn_1": {
      "trigger": "minecraft:inventory_changed",
      "conditions": {
        "items": [
          {
            "items": [
              "minecraft:goat_horn"
            ],
            "nbt": "{instrument:\"minecraft:ponder_goat_horn\"}"
          }
        ]
      }
    },
    "goat_horn_2": {
      "trigger": "minecraft:inventory_changed",
      "conditions": {
        "items": [
          {
            "items": [
              "minecraft:goat_horn"
            ],
            "nbt": "{instrument:\"minecraft:sing_goat_horn\"}"
          }
        ]
      }
    },
    "goat_horn_3": {
      "trigger": "minecraft:inventory_changed",
      "conditions": {
        "items": [
          {
            "items": [
              "minecraft:goat_horn"
            ],
            "nbt": "{instrument:\"minecraft:seek_goat_horn\"}"
          }
        ]
      }
    },
    "goat_horn_4": {
      "trigger": "minecraft:inventory_changed",
      "conditions": {
        "items": [
          {
            "items": [
              "minecraft:goat_horn"
            ],
            "nbt": "{instrument:\"minecraft:feel_goat_horn\"}"
          }
        ]
      }
    },
    "goat_horn_5": {
      "trigger": "minecraft:inventory_changed",
      "conditions": {
        "items": [
          {
            "items": [
              "minecraft:goat_horn"
            ],
            "nbt": "{instrument:\"minecraft:admire_goat_horn\"}"
          }
        ]
      }
    },
    "goat_horn_6": {
      "trigger": "minecraft:inventory_changed",
      "conditions": {
        "items": [
          {
            "items": [
              "minecraft:goat_horn"
            ],
            "nbt": "{instrument:\"minecraft:call_goat_horn\"}"
          }
        ]
      }
    },
    "goat_horn_7": {
      "trigger": "minecraft:inventory_changed",
      "conditions": {
        "items": [
          {
            "items": [
              "minecraft:goat_horn"
            ],
            "nbt": "{instrument:\"minecraft:yearn_goat_horn\"}"
          }
        ]
      }
    },
    "goat_horn_8": {
      "trigger": "minecraft:inventory_changed",
      "conditions": {
        "items": [
          {
            "items": [
              "minecraft:goat_horn"
            ],
            "nbt": "{instrument:\"minecraft:dream_goat_horn\"}"
          }
        ]
      }
    }
  },
  "requirements": [
    [
      "goat_horn_1"
    ],
    [
      "goat_horn_2"
    ],
    [
      "goat_horn_3"
    ],
    [
      "goat_horn_4"
    ],
    [
      "goat_horn_5"
    ],
    [
      "goat_horn_6"
    ],
    [
      "goat_horn_7"
    ],
    [
      "goat_horn_8"
    ]
  ],
  "rewards": {
    "experience": 100
  }
}
