{
  "display": {
    "icon": {
      "item": "minecraft:creeper_banner_pattern"
    },
    "title": "Google Doodle",
    "description": "Consigue un patrón de estandarte.",
    "frame": "task",
    "show_toast": true,
    "announce_to_chat": true,
    "hidden": false
  },
  "parent": "minecraft:husbandry/loom",
  "criteria": {
    "banner_pattern_1": {
      "trigger": "minecraft:inventory_changed",
      "conditions": {
        "items": [
          {
            "items": [
              "minecraft:creeper_banner_pattern"
            ]
          }
        ]
      }
    },
    "banner_pattern_2": {
      "trigger": "minecraft:inventory_changed",
      "conditions": {
        "items": [
          {
            "items": [
              "minecraft:flower_banner_pattern"
            ]
          }
        ]
      }
    },
    "banner_pattern_3": {
      "trigger": "minecraft:inventory_changed",
      "conditions": {
        "items": [
          {
            "items": [
              "minecraft:globe_banner_pattern"
            ]
          }
        ]
      }
    },
    "banner_pattern_4": {
      "trigger": "minecraft:inventory_changed",
      "conditions": {
        "items": [
          {
            "items": [
              "minecraft:mojang_banner_pattern"
            ]
          }
        ]
      }
    },
    "banner_pattern_5": {
      "trigger": "minecraft:inventory_changed",
      "conditions": {
        "items": [
          {
            "items": [
              "minecraft:piglin_banner_pattern"
            ]
          }
        ]
      }
    },
    "banner_pattern_6": {
      "trigger": "minecraft:inventory_changed",
      "conditions": {
        "items": [
          {
            "items": [
              "minecraft:skull_banner_pattern"
            ]
          }
        ]
      }
    }
  },
  "requirements": [
    [
      "banner_pattern_1",
      "banner_pattern_2",
      "banner_pattern_3",
      "banner_pattern_4",
      "banner_pattern_5",
      "banner_pattern_6"
    ]
  ]
}
