{
  "display": {
    "icon": {
      "item": "minecraft:netherite_hoe"
    },
    "title": "Buen trabajo",
    "description": "Usa una azada de netherita hasta que se rompa... y deja de replantear tu vida... solo disfrútala.",
    "frame": "challenge",
    "show_toast": true,
    "announce_to_chat": true,
    "hidden": true
  },
  "parent": "minecraft:husbandry/obtain_netherite_hoe",
  "criteria": {
    "netherite_hoe": {
      "trigger": "minecraft:item_durability_changed",
      "conditions": {
        "durability": 0,
        "item": {
          "items": [
            "minecraft:netherite_hoe"
          ]
        }
      }
    }
  },
  "rewards": {
    "experience": 200
  }
}
