{
  "display": {
    "icon": {
      "item": "minecraft:axolotl_bucket",
      "nbt": "{Variant:4}"
    },
    "title": "Limpiando aguas",
    "description": "¡Atrapa todas las variantes de ajolote con cubos!",
    "frame": "challenge",
    "show_toast": true,
    "announce_to_chat": true,
    "hidden": false
  },
  "parent": "minecraft:husbandry/axolotl_in_a_bucket",
  "criteria": {
    "axolotl_1": {
      "trigger": "minecraft:filled_bucket",
      "conditions": {
        "item": {
          "items": [
            "minecraft:axolotl_bucket"
          ],
          "nbt": "{Variant:0}"
        }
      }
    },
    "axolotl_2": {
      "trigger": "minecraft:filled_bucket",
      "conditions": {
        "item": {
          "items": [
            "minecraft:axolotl_bucket"
          ],
          "nbt": "{Variant:1}"
        }
      }
    },
    "axolotl_3": {
      "trigger": "minecraft:filled_bucket",
      "conditions": {
        "item": {
          "items": [
            "minecraft:axolotl_bucket"
          ],
          "nbt": "{Variant:2}"
        }
      }
    },
    "axolotl_4": {
      "trigger": "minecraft:filled_bucket",
      "conditions": {
        "item": {
          "items": [
            "minecraft:axolotl_bucket"
          ],
          "nbt": "{Variant:3}"
        }
      }
    },
    "axolotl_5": {
      "trigger": "minecraft:filled_bucket",
      "conditions": {
        "item": {
          "items": [
            "minecraft:axolotl_bucket"
          ],
          "nbt": "{Variant:4}"
        }
      }
    }
  },
  "requirements": [
    [
      "axolotl_1"
    ],
    [
      "axolotl_2"
    ],
    [
      "axolotl_3"
    ],
    [
      "axolotl_4"
    ],
    [
      "axolotl_5"
    ]
  ],
  "rewards": {
    "experience": 100
  }
}
