{
  "display": {
    "icon": {
      "item": "minecraft:sweet_berries"
    },
    "title": "Amigo de los zorros",
    "description": "Lanza algo para distraer un zorro.",
    "frame": "task",
    "show_toast": true,
    "announce_to_chat": true,
    "hidden": false
  },
  "parent": "minecraft:husbandry/root",
  "criteria": {
    "fox": {
      "trigger": "minecraft:thrown_item_picked_up_by_entity",
      "conditions": {
        "entity": {
          "type": "minecraft:fox"
        }
      }
    }
  }
}
