{
  "display": {
    "icon": {
      "item": "minecraft:beehive"
    },
    "title": "Cetáceo juguetón",
    "description": "Juega con un delfín y una colmena llena de abejas, tendréis un momento feliz.",
    "frame": "goal",
    "show_toast": true,
    "announce_to_chat": true,
    "hidden": false
  },
  "parent": "minecraft:husbandry/silk_touch_nest",
  "criteria": {
    "dolphin_1": {
      "trigger": "minecraft:thrown_item_picked_up_by_entity",
      "conditions": {
        "entity": {
          "type": "minecraft:dolphin"
        },
        "item": {
          "items": [
            "minecraft:bee_nest"
          ],
          "nbt": "{BlockEntityTag:{id:\"minecraft:beehive\",Bees: [{EntityData:{id:\"minecraft:bee\"}},{EntityData:{id:\"minecraft:bee\"}},{EntityData:{id:\"minecraft:bee\"}}]}}"
        }
      }
    },
    "dolphin_2": {
      "trigger": "minecraft:thrown_item_picked_up_by_entity",
      "conditions": {
        "entity": {
          "type": "minecraft:dolphin"
        },
        "item": {
          "items": [
            "minecraft:beehive"
          ],
          "nbt": "{BlockEntityTag:{id:\"minecraft:beehive\",Bees: [{EntityData:{id:\"minecraft:bee\"}},{EntityData:{id:\"minecraft:bee\"}},{EntityData:{id:\"minecraft:bee\"}}]}}"
        }
      }
    }
  },
  "requirements": [
    [
      "dolphin_1",
      "dolphin_2"
    ]
  ]
}
