{
  "display": {
    "icon": {
      "item": "minecraft:netherite_sword"
    },
    "title": "Peludo y armado",
    "description": "Lanza una espada de netherita a un zorro.",
    "frame": "challenge",
    "show_toast": true,
    "announce_to_chat": true,
    "hidden": false
  },
  "parent": "minecraft:husbandry/distract_fox",
  "criteria": {
    "fox": {
      "trigger": "minecraft:thrown_item_picked_up_by_entity",
      "conditions": {
        "entity": {
          "type": "minecraft:fox"
        },
        "item": {
          "items": [
            "minecraft:netherite_sword"
          ]
        }
      }
    }
  },
  "rewards": {
    "experience": 50
  }
}
