{
  "display": {
    "icon": {
      "item": "minecraft:dark_oak_boat"
    },
    "title": "Nave de obsidiana",
    "description": "Métete en una barca y flota con un hoglin bebé.",
    "frame": "challenge",
    "show_toast": true,
    "announce_to_chat": true,
    "hidden": true
  },
  "parent": "minecraft:husbandry/ride_a_boat_with_a_shulker",
  "criteria": {
    "hoglin": {
      "trigger": "minecraft:started_riding",
      "conditions": {
        "player": {
          "vehicle": {
            "type": "minecraft:boat",
            "passenger": {
              "type": "minecraft:hoglin",
              "flags": {
                "is_baby": true
              }
            }
          }
        }
      }
    }
  },
  "rewards": {
    "experience": 50
  }
}
