{
  "display": {
    "icon": {
      "item": "minecraft:scaffolding"
    },
    "title": "En el techo del mundo",
    "description": "Coloca un andamio en la altura máxima.",
    "frame": "task",
    "show_toast": true,
    "announce_to_chat": true,
    "hidden": false
  },
  "parent": "minecraft:husbandry/root",
  "criteria": {
    "scaffolding": {
      "trigger": "minecraft:placed_block",
      "conditions": {
        "block": "minecraft:scaffolding",
        "location": {
          "position": {
            "y": 319
          }
        }
      }
    }
  }
}
