{
  "display": {
    "icon": {
      "item": "minecraft:sea_pickle"
    },
    "title": "Un pepino, dos pepinos...",
    "description": "Coloca cuatro pepinos de mar en el mismo bloque bajo el agua.",
    "frame": "task",
    "show_toast": true,
    "announce_to_chat": true,
    "hidden": false
  },
  "parent": "minecraft:husbandry/root",
  "criteria": {
    "sea_pickle": {
      "trigger": "minecraft:placed_block",
      "conditions": {
        "block": "minecraft:sea_pickle",
        "location": {
          "block": {
            "blocks": [
              "minecraft:sea_pickle"
            ],
            "state": {
              "pickles": "4",
              "waterlogged": "true"
            }
          }
        }
      }
    }
  }
}
