{
  "display": {
    "icon": {
      "item": "minecraft:totem_of_undying"
    },
    "title": "Allay salve a la Reina",
    "description": "Haz que un allay suelte un tótem sobre un bloque musical.",
    "frame": "challenge",
    "show_toast": true,
    "announce_to_chat": true,
    "hidden": true
  },
  "parent": "minecraft:husbandry/allay_deliver_item_to_player",
  "criteria": {
    "allay": {
      "trigger": "minecraft:allay_drop_item_on_block",
      "conditions": {
        "item": {
          "items": [
            "minecraft:totem_of_undying"
          ]
        }
      }
    }
  },
  "rewards": {
    "experience": 50
  }
}
