{
  "display": {
    "icon": {
      "item": "minecraft:turtle_egg"
    },
    "title": "Splinter y las tortugas",
    "description": "Coloca cuatro huevos de tortuga en el mismo bloque... ten cuidado de no aplastarlos."
  },
  "parent": "minecraft:husbandry/sea_pickles",
  "criteria": {
    "turtle_egg": {
      "trigger": "minecraft:placed_block",
      "conditions": {
        "block": "minecraft:turtle_egg",
        "location": {
          "block": {
            "blocks": [
              "minecraft:turtle_egg"
            ],
            "state": {
              "eggs": "4"
            }
          }
        }
      }
    }
  }
}
