{
  "display": {
    "icon": {
      "item": "minecraft:carrot_on_a_stick"
    },
    "title": "Cuando los cerdos vuelen",
    "description": "Usa una caña con zanahoria para darle más velocidad a tu cerdo.",
    "frame": "task",
    "show_toast": true,
    "announce_to_chat": true,
    "hidden": false
  },
  "parent": "minecraft:husbandry/root",
  "criteria": {
    "carrot_on_a_stick": {
      "trigger": "minecraft:item_durability_changed",
      "conditions": {
        "item": {
          "items": [
            "minecraft:carrot_on_a_stick"
          ]
        }
      }
    }
  }
}
