{
  "display": {
    "icon": {
      "item": "minecraft:netherite_hoe"
    },
    "title": "Buen trabajo",
    "description": "Rompe una azada de netherita y deja de replantearte tu vida, simplemente disfrútala.",
    "frame": "challenge",
    "show_toast": true,
    "announce_to_chat": true,
    "hidden": true
  },
  "parent": "minecraft:husbandry/obtain_netherite_hoe",
  "criteria": {
    "break_netherite_hoe": {
      "trigger": "minecraft:item_durability_changed",
      "conditions": {
        "durability": 0,
        "item": {
          "items": [
            "minecraft:netherite_hoe"
          ]
        }
      }
    }
  }
}
