{
  "display": {
    "icon": {
      "item": "minecraft:mojang_banner_pattern"
    },
    "title": "Fruta en el telar",
    "description": "Fabrica un estandarte usando una manzana dorada encantada... espera, ¿de verdad hiciste eso?",
    "frame": "challenge",
    "show_toast": true,
    "announce_to_chat": true,
    "hidden": true
  },
  "parent": "minecraft:husbandry/balanced_diet",
  "criteria": {
    "mojang_banner_pattern": {
      "trigger": "minecraft:inventory_changed",
      "conditions": {
        "items": [
          {
            "tag": "minecraft:banners",
            "nbt": "{BlockEntityTag: {Patterns: [{Pattern: \"moj\"}]}}"
          }
        ]
      }
    }
  }
}
