{
  "display": {
    "icon": {
      "item": "minecraft:jungle_boat"
    },
    "title": "El último de nosotros",
    "description": "Métete en una barca y flota con un shulker.",
    "frame": "challenge",
    "show_toast": true,
    "announce_to_chat": true,
    "hidden": false
  },
  "parent": "minecraft:husbandry/ride_a_boat_with_a_mooshroom",
  "criteria": {
    "ride_a_boat_with_a_shulker": {
      "trigger": "minecraft:started_riding",
      "conditions": {
        "player": {
          "vehicle": {
            "type": "minecraft:boat",
            "passenger": {
              "type": "minecraft:shulker"
            }
          }
        }
      }
    }
  }
}
