{
  "display": {
    "icon": {
      "item": "minecraft:spruce_boat"
    },
    "title": "Abducción polar",
    "description": "Métete en una barca y flota con una cría de oso polar.",
    "frame": "goal",
    "show_toast": true,
    "announce_to_chat": true,
    "hidden": false
  },
  "parent": "minecraft:husbandry/ride_a_boat_with_a_goat",
  "criteria": {
    "ride_a_boat_with_a_polar_bear": {
      "trigger": "minecraft:started_riding",
      "conditions": {
        "player": {
          "vehicle": {
            "type": "minecraft:boat",
            "passenger": {
              "type": "minecraft:polar_bear",
              "flags": {
                "is_baby": true
              }
            }
          }
        }
      }
    }
  }
}
