{
  "display": {
    "icon": {
      "item": "minecraft:scute"
    },
    "title": "Lento pero constante",
    "description": "Consigue una escama de una tortuga.",
    "frame": "task",
    "show_toast": true,
    "announce_to_chat": true,
    "hidden": false
  },
  "parent": "minecraft:husbandry/sea_pickles",
  "criteria": {
    "scute": {
      "trigger": "minecraft:inventory_changed",
      "conditions": {
        "items": [
          {
            "items": [
              "minecraft:scute"
            ]
          }
        ]
      }
    }
  }
}
