{
  "display": {
    "icon": {
      "item": "minecraft:turtle_helmet"
    },
    "title": "Protejido bajo el agua",
    "description": "Fabrica un caparazón de tortuga con escamas.",
    "frame": "goal",
    "show_toast": true,
    "announce_to_chat": true,
    "hidden": false
  },
  "parent": "minecraft:husbandry/scute",
  "criteria": {
    "turtle_helmet": {
      "trigger": "minecraft:inventory_changed",
      "conditions": {
        "items": [
          {
            "items": [
              "minecraft:turtle_helmet"
            ]
          }
        ]
      }
    }
  }
}
