{
  "display": {
    "icon": {
      "item": "minecraft:turtle_egg"
    },
    "title": "Splinter y las tortugas",
    "description": "Coloca cuatro huevos de tortuga en el mismo bloque. Ten cuidado de no pisarlos.",
    "frame": "task",
    "show_toast": true,
    "announce_to_chat": true,
    "hidden": false
  },
  "parent": "minecraft:husbandry/sea_pickles",
  "criteria": {
    "turtle_eggs": {
      "trigger": "minecraft:placed_block",
      "conditions": {
        "location": [
          {
            "condition": "minecraft:match_tool",
            "predicate": {
              "items": [
                "minecraft:turtle_egg"
              ]
            }
          },
          {
            "condition": "minecraft:block_state_property",
            "block": "minecraft:turtle_egg",
            "properties": {
              "eggs": "4"
            }
          }
        ]
      }
    }
  }
}
