{
    "display": {
        "title": {
            "text": "Antilevitación"
        },
        "description": {
            "text": "Desvía una bala de shulker con un escudo."
        },
        "icon": {
            "item": "minecraft:shield"
        },
        "frame": "task",
        "show_toast": true,
        "announce_to_chat": true,
        "hidden": false
    },
    "criteria": {
        "ShulkerBullet": {
            "trigger": "minecraft:entity_hurt_player",
            "conditions": {
                "damage": {
                    "blocked": true,
                    "source_entity": {
                        "type": "minecraft:shulker"
                    }
                }
            }
        }
    },
    "parent": "end/find_end_city"
}
