{
    "display": {
        "title": {
            "text": "Cofre portátil"
        },
        "description": {
            "text": "Fabrica una caja de Shulker con dos caparazones."
        },
        "icon": {
            "item": "minecraft:shulker_box"
        },
        "frame": "goal",
        "show_toast": true,
        "announce_to_chat": true,
        "hidden": false
    },
    "criteria": {
        "ShulkerBox": {
            "trigger": "minecraft:inventory_changed",
            "conditions": {
                "items": [
                    {
                        "items": [
                            "minecraft:shulker_box"
                        ]
                    }
                ]
            }
        }
    },
    "parent": "end/deflect_shulker_bullet"
}
