{
  "display": {
    "icon": {
      "item": "minecraft:beacon"
    },
    "title": "Faraón del faro",
    "description": "Obtén al mismo tiempo todos los efectos del faro al máximo nivel.",
    "frame": "challenge",
    "show_toast": true,
    "announce_to_chat": true,
    "hidden": false
  },
  "parent": "minecraft:nether/create_full_beacon",
  "criteria": {
    "all_effects_beacon": {
      "trigger": "minecraft:effects_changed",
      "conditions": {
        "effects": {
          "minecraft:jump_boost": {
            "amplifier": 1
          },
          "minecraft:haste": {
            "amplifier": 1
          },
          "minecraft:regeneration": {
            "amplifier": 0
          },
          "minecraft:speed": {
            "amplifier": 1
          },
          "minecraft:resistance": {
            "amplifier": 1
          },
          "minecraft:strength": {
            "amplifier": 1
          }
        }
      }
    }
  }
}
