{
  "display": {
    "icon": {
      "item": "minecraft:firework_star"
    },
    "title": "Festival veraniego",
    "description": "Fabrica una estrella de fuegos artificiales con polvo de piedra luminosa y un diamante.",
    "frame": "goal",
    "show_toast": true,
    "announce_to_chat": true,
    "hidden": false
  },
  "parent": "minecraft:nether/glowstone_dust",
  "criteria": {
    "firework_star": {
      "trigger": "minecraft:inventory_changed",
      "conditions": {
        "items": [
          {
            "items": [
              "minecraft:firework_star"
            ],
            "nbt": "{Explosion: {Trail: 1b, Flicker: 1b}}"
          }
        ]
      }
    }
  }
}
