{
  "display": {
    "icon": {
      "item": "minecraft:glowstone_dust"
    },
    "title": "El Infierno de Dante",
    "description": "Consigue polvo de piedra luminosa.",
    "frame": "task",
    "show_toast": true,
    "announce_to_chat": true,
    "hidden": false
  },
  "parent": "minecraft:nether/root",
  "criteria": {
    "glowstone_dust": {
      "trigger": "minecraft:inventory_changed",
      "conditions": {
        "items": [
          {
            "items": [
              "minecraft:glowstone_dust"
            ]
          }
        ]
      }
    }
  }
}
