{
  "display": {
    "icon": {
      "item": "minecraft:bedrock"
    },
    "title": "Volvimos a ver... ¿la niebla?",
    "description": "Sube al techo del Nether.",
    "frame": "challenge",
    "show_toast": true,
    "announce_to_chat": true,
    "hidden": true
  },
  "parent": "minecraft:nether/root",
  "criteria": {
    "nether_roof": {
      "trigger": "minecraft:location",
      "conditions": {
        "player": [
          {
            "condition": "minecraft:entity_properties",
            "entity": "this",
            "predicate": {
              "location": {
                "position": {
                  "y": {
                    "min": 128,
                    "max": 319
                  }
                },
                "dimension": "minecraft:the_nether"
              }
            }
          }
        ]
      }
    }
  }
}
