{
  "display": {
    "icon": {
      "item": "minecraft:nether_wart"
    },
    "title": "Verrugas mágicas",
    "description": "Consigue verrugas del Nether para hacer pociones.",
    "frame": "task",
    "show_toast": true,
    "announce_to_chat": true,
    "hidden": false
  },
  "parent": "minecraft:nether/find_fortress",
  "criteria": {
    "nether_wart": {
      "trigger": "minecraft:inventory_changed",
      "conditions": {
        "items": [
          {
            "items": [
              "minecraft:nether_wart"
            ]
          }
        ]
      }
    }
  }
}
