{
  "display": {
    "icon": {
      "item": "minecraft:golden_axe"
    },
    "title": "Duelo de hachas",
    "description": "Mata a un piglin bruto con un hacha de oro.",
    "frame": "task",
    "show_toast": true,
    "announce_to_chat": true,
    "hidden": false
  },
  "parent": "minecraft:nether/find_bastion",
  "criteria": {
    "piglin_brute": {
      "trigger": "minecraft:player_killed_entity",
      "conditions": {
        "player": {
          "equipment": {
            "mainhand": {
              "items": [
                "minecraft:golden_axe"
              ]
            }
          }
        },
        "entity": {
          "type": "minecraft:piglin_brute"
        }
      }
    }
  }
}
