{
  "display": {
    "icon": {
      "item": "minecraft:flint_and_steel"
    },
    "title": "El repelente ideal",
    "description": "Enciende un fuego de almas para asustar a los piglins.",
    "frame": "task",
    "show_toast": true,
    "announce_to_chat": true,
    "hidden": false
  },
  "parent": "minecraft:nether/root",
  "criteria": {
    "soul_fire_1": {
      "trigger": "minecraft:item_used_on_block",
      "conditions": {
        "location": [
          {
            "condition": "minecraft:match_tool",
            "predicate": {
              "items": [
                "minecraft:flint_and_steel"
              ]
            }
          },
          {
            "condition": "minecraft:block_state_property",
            "block": "minecraft:soul_sand",
            "properties": {}
          }
        ]
      }
    },
    "soul_fire_2": {
      "trigger": "minecraft:item_used_on_block",
      "conditions": {
        "location": [
          {
            "condition": "minecraft:match_tool",
            "predicate": {
              "items": [
                "minecraft:flint_and_steel"
              ]
            }
          },
          {
            "condition": "minecraft:block_state_property",
            "block": "minecraft:soul_soil",
            "properties": {}
          }
        ]
      }
    }
  },
  "requirements": [
    [
      "soul_fire_1",
      "soul_fire_2"
    ]
  ]
}
