{
  "display": {
    "icon": {
      "item": "minecraft:suspicious_stew"
    },
    "title": "Sospechoso",
    "description": "Come un estofado sospechoso preparado con una rosa del Wither.",
    "frame": "challenge",
    "show_toast": true,
    "announce_to_chat": true,
    "hidden": true
  },
  "parent": "minecraft:nether/wither_rose",
  "criteria": {
    "suspicious_stew": {
      "trigger": "minecraft:consume_item",
      "conditions": {
        "item": {
          "items": [
            "minecraft:suspicious_stew"
          ],
          "nbt": "{Effects:[{EffectId:20,EffectDuration:160}]}"
        }
      }
    }
  }
}
