{
  "display": {
    "icon": {
      "item": "minecraft:rotten_flesh"
    },
    "title": "Ups, efectos colaterales",
    "description": "Lleva un hoglin a la superficie, espera a que se zombifique... y mátalo con pociones de curación.",
    "frame": "goal",
    "show_toast": true,
    "announce_to_chat": true,
    "hidden": false
  },
  "parent": "minecraft:nether/nether_wart",
  "criteria": {
    "zoglin_1": {
      "trigger": "minecraft:player_killed_entity",
      "conditions": {
        "entity": {
          "type": "minecraft:zoglin"
        },
        "killing_blow": {
          "direct_entity": {
            "type": "minecraft:potion",
            "nbt": "{Item:{id:\"minecraft:splash_potion\",Count:1b,tag:{Potion:\"minecraft:healing\"}}}"
          }
        }
      }
    },
    "zoglin_2": {
      "trigger": "minecraft:player_killed_entity",
      "conditions": {
        "entity": {
          "type": "minecraft:zoglin"
        },
        "killing_blow": {
          "direct_entity": {
            "type": "minecraft:potion",
            "nbt": "{Item:{id:\"minecraft:splash_potion\",Count:1b,tag:{Potion:\"minecraft:strong_healing\"}}}"
          }
        }
      }
    }
  },
  "requirements": [
    [
      "zoglin_1",
      "zoglin_2"
    ]
  ]
}
