{
    "criteria": {
        "impossible": {
            "trigger": "minecraft:impossible"
        }
    },
    "display": {
        "announce_to_chat": true,
        "description": {
            "text": "Pasa un día bajo el agua."
        },
        "frame": "challenge",
        "hidden": false,
        "icon": {
            "item": "minecraft:turtle_helmet"
        },
        "show_toast": true,
        "title": {
            "text": "Dormir con los peces"
        }
    },
    "parent": "husbandry/2_minutes_underwater"
}
