{
    "criteria": {
        "impossible": {
            "trigger": "minecraft:impossible"
        }
    },
    "display": {
        "title": {
            "text": "Buceo libre"
        },
        "description": {
            "text": "Permanece 2 minutos debajo del agua."
        },
        "icon": {
            "item": "minecraft:turtle_helmet"
        },
        "frame": "goal",
        "show_toast": true,
        "announce_to_chat": true,
        "hidden": false
    },
    "parent": "husbandry/turtle_helmet"
}
