{
    "criteria": {
        "red": {
            "trigger": "minecraft:inventory_changed",
            "conditions": {
                "items": [
                    {
                        "items": [
                            "minecraft:red_wool"
                        ]
                    }
                ]
            }
        },
        "Orange": {
            "trigger": "minecraft:inventory_changed",
            "conditions": {
                "items": [
                    {
                        "items": [
                            "minecraft:orange_wool"
                        ]
                    }
                ]
            }
        },
        "Yellow": {
            "trigger": "minecraft:inventory_changed",
            "conditions": {
                "items": [
                    {
                        "items": [
                            "minecraft:yellow_wool"
                        ]
                    }
                ]
            }
        },
        "Lime": {
            "trigger": "minecraft:inventory_changed",
            "conditions": {
                "items": [
                    {
                        "items": [
                            "minecraft:lime_wool"
                        ]
                    }
                ]
            }
        },
        "Green": {
            "trigger": "minecraft:inventory_changed",
            "conditions": {
                "items": [
                    {
                        "items": [
                            "minecraft:green_wool"
                        ]
                    }
                ]
            }
        },
        "LightBlue": {
            "trigger": "minecraft:inventory_changed",
            "conditions": {
                "items": [
                    {
                        "items": [
                            "minecraft:light_blue_wool"
                        ]
                    }
                ]
            }
        },
        "Cyan": {
            "trigger": "minecraft:inventory_changed",
            "conditions": {
                "items": [
                    {
                        "items": [
                            "minecraft:cyan_wool"
                        ]
                    }
                ]
            }
        },
        "Blue": {
            "trigger": "minecraft:inventory_changed",
            "conditions": {
                "items": [
                    {
                        "items": [
                            "minecraft:blue_wool"
                        ]
                    }
                ]
            }
        },
        "Purple": {
            "trigger": "minecraft:inventory_changed",
            "conditions": {
                "items": [
                    {
                        "items": [
                            "minecraft:purple_wool"
                        ]
                    }
                ]
            }
        },
        "Magenta": {
            "trigger": "minecraft:inventory_changed",
            "conditions": {
                "items": [
                    {
                        "items": [
                            "minecraft:magenta_wool"
                        ]
                    }
                ]
            }
        },
        "Pink": {
            "trigger": "minecraft:inventory_changed",
            "conditions": {
                "items": [
                    {
                        "items": [
                            "minecraft:pink_wool"
                        ]
                    }
                ]
            }
        },
        "Brown": {
            "trigger": "minecraft:inventory_changed",
            "conditions": {
                "items": [
                    {
                        "items": [
                            "minecraft:brown_wool"
                        ]
                    }
                ]
            }
        },
        "White": {
            "trigger": "minecraft:inventory_changed",
            "conditions": {
                "items": [
                    {
                        "items": [
                            "minecraft:white_wool"
                        ]
                    }
                ]
            }
        },
        "LightGray": {
            "trigger": "minecraft:inventory_changed",
            "conditions": {
                "items": [
                    {
                        "items": [
                            "minecraft:light_gray_wool"
                        ]
                    }
                ]
            }
        },
        "Gray": {
            "trigger": "minecraft:inventory_changed",
            "conditions": {
                "items": [
                    {
                        "items": [
                            "minecraft:gray_wool"
                        ]
                    }
                ]
            }
        },
        "Black": {
            "trigger": "minecraft:inventory_changed",
            "conditions": {
                "items": [
                    {
                        "items": [
                            "minecraft:black_wool"
                        ]
                    }
                ]
            }
        }
    },
    "display": {
        "title": {
            "text": "Colección arcoíris"
        },
        "description": {
            "text": "Consigue los 16 colores de lana."
        },
        "icon": {
            "item": "minecraft:red_wool"
        },
        "frame": "goal",
        "show_toast": true,
        "announce_to_chat": true,
        "hidden": false
    },
    "parent": "husbandry/shears"
}
