{
    "display": {
        "title": {
            "text": "Donde me lleve el mar"
        },
        "description": {
            "text": "Fabrica un barco con cofre."
        },
        "icon": {
            "item": "minecraft:oak_chest_boat"
        },
        "frame": "task",
        "show_toast": true,
        "announce_to_chat": true,
        "hidden": false
    },
    "criteria": {
        "BoatWithChest": {
            "trigger": "minecraft:player_interacted_with_entity",
            "conditions": {
                "entity": {
                    "type": "minecraft:chest_boat"
                }
            }
        }
    },
    "parent": "husbandry/tadpole_in_a_bucket"
}
