{
    "criteria": {
        "impossible": {
            "trigger": "minecraft:impossible"
        }
    },
    "display": {
        "title": {
            "text": "Bibliotecario"
        },
        "description": {
            "text": "Fabrica unas librerias para mejorar tu mesa de encantamientos."
        },
        "icon": {
            "item": "minecraft:bookshelf"
        },
        "frame": "task",
        "show_toast": true,
        "announce_to_chat": true,
        "hidden": false
    },
    "parent": "husbandry/leather"
}
