{
    "criteria": {
        "impossible": {
            "trigger": "minecraft:impossible"
        }
    },
    "display": {
        "title": {
            "text": "Desencantado"
        },
        "description": {
            "text": "Usa una piedra de afilar para conseguir experiencia de un objeto encantado."
        },
        "icon": {
            "item": "minecraft:grindstone"
        },
        "frame": "task",
        "show_toast": true,
        "announce_to_chat": true,
        "hidden": false
    },
    "parent": "husbandry/bookshelf"
}
