{
    "criteria": {
        "kelp_block": {
            "trigger": "minecraft:inventory_changed",
            "conditions": {
                "items": [
                    {
                        "items": [
                            "minecraft:dried_kelp_block"
                        ]
                    }
                ]
            }
        }
    },
    "rewards": {
        "function": "minecraft:dried_kelp_block_and_furnace/start_testing"
    },
    "parent": "husbandry/dried_kelp_block_and_furnace"
}
