{
    "criteria": {
        "impossible": {
            "trigger": "minecraft:impossible"
        }
    },
    "display": {
        "title": {
            "text": "Combustible alternativo"
        },
        "description": {
            "text": "Enciende un horno con un bloque de algas secas."
        },
        "icon": {
            "item": "minecraft:dried_kelp_block"
        },
        "frame": "goal",
        "show_toast": true,
        "announce_to_chat": true,
        "hidden": false
    },
    "parent": "husbandry/renewable_energy"
}
