{
    "criteria": {
        "helmet": {
            "trigger": "minecraft:inventory_changed",
            "conditions": {
                "items": [
                    {
                        "nbt": "{display:{}}",
                        "items": [
                            "minecraft:leather_helmet"
                        ]
                    }
                ]
            }
        },
        "leggings": {
            "trigger": "minecraft:inventory_changed",
            "conditions": {
                "items": [
                    {
                        "nbt": "{display:{}}",
                        "items": [
                            "minecraft:leather_leggings"
                        ]
                    }
                ]
            }
        },
        "chestplate": {
            "trigger": "minecraft:inventory_changed",
            "conditions": {
                "items": [
                    {
                        "nbt": "{display:{}}",
                        "items": [
                            "minecraft:leather_chestplate"
                        ]
                    }
                ]
            }
        },
        "boots": {
            "trigger": "minecraft:inventory_changed",
            "conditions": {
                "items": [
                    {
                        "nbt": "{display:{}}",
                        "items": [
                            "minecraft:leather_boots"
                        ]
                    }
                ]
            }
        }
    },
    "display": {
        "title": {
            "text": "Atuendo tintado chic"
        },
        "description": {
            "text": "Tiñe las 4 piezas únicas de armadura de cuero."
        },
        "icon": {
            "item": "minecraft:cauldron"
        },
        "frame": "task",
        "show_toast": true,
        "announce_to_chat": true,
        "hidden": false
    },
    "parent": "husbandry/leather"
}
