{
    "criteria": {
        "impossible": {
            "trigger": "minecraft:impossible"
        }
    },
    "display": {
        "title": {
            "text": "Náufrago"
        },
        "description": {
            "text": "Come solo algas secas durante tres días en el juego."
        },
        "icon": {
            "item": "minecraft:dried_kelp"
        },
        "frame": "challenge",
        "show_toast": true,
        "announce_to_chat": true,
        "hidden": false
    },
    "parent": "husbandry/eat_rotten_flesh"
}
