{
    "criteria": {
        "pot": {
            "trigger": "minecraft:placed_block",
            "conditions": {
                "block": "minecraft:flower_pot"
            }
        }
    },
    "display": {
        "title": {
            "text": "Macetero"
        },
        "description": {
            "text": "Coloca una maceta."
        },
        "icon": {
            "item": "minecraft:flower_pot"
        },
        "frame": "task",
        "show_toast": true,
        "announce_to_chat": true,
        "hidden": false
    },
    "parent": "husbandry/furnace"
}
