{
    "criteria": {
        "impossible": {
            "trigger": "minecraft:impossible"
        }
    },
    "display": {
        "title": {
            "text": "Recién hecho"
        },
        "description": {
            "text": "Fabrica un horno para fundir minerales brutos y otros materiales."
        },
        "icon": {
            "item": "minecraft:furnace"
        },
        "frame": "task",
        "show_toast": true,
        "announce_to_chat": true,
        "hidden": false
    },
    "parent": "husbandry/root"
}
