{
    "criteria": {
        "impossible": {
            "trigger": "minecraft:impossible"
        }
    },
    "display": {
        "title": {
            "text": "Supercombustible"
        },
        "description": {
            "text": "Enciende un horno con un cubo de lava."
        },
        "icon": {
            "item": "minecraft:lava_bucket"
        },
        "frame": "challenge",
        "show_toast": true,
        "announce_to_chat": true,
        "hidden": false
    },
    "parent": "husbandry/renewable_energy"
}
