{
    "criteria": {
        "leather": {
            "trigger": "minecraft:inventory_changed",
            "conditions": {
                "items": [
                    {
                        "items": [
                            "minecraft:leather"
                        ]
                    }
                ]
            }
        }
    },
    "display": {
        "title": {
            "text": "Chupavacas"
        },
        "description": {
            "text": "Consigue un poco de cuero."
        },
        "icon": {
            "item": "minecraft:leather"
        },
        "frame": "task",
        "show_toast": true,
        "announce_to_chat": true,
        "hidden": false
    },
    "parent": "husbandry/root"
}
