{
    "criteria": {
        "impossible": {
            "trigger": "minecraft:impossible"
        }
    },
    "display": {
        "announce_to_chat": true,
        "description": {
            "text": "Conduce una caravana que contenga al menos 5 llamas."
        },
        "frame": "goal",
        "hidden": true,
        "icon": {
            "item": "minecraft:lead"
        },
        "show_toast": true,
        "title": {
            "text": "Me va la marcha"
        }
    },
    "parent": "husbandry/tame_all_llamas"
}
