{
    "display": {
        "title": {
            "text": "Dulces y viejos recuerdos"
        },
        "description": {
            "text": "Coloca un telar, se puede usar para personalizar estandartes."
        },
        "icon": {
            "item": "minecraft:loom"
        },
        "frame": "task",
        "show_toast": true,
        "announce_to_chat": true,
        "hidden": false
    },
    "criteria": {
        "Loom": {
            "trigger": "minecraft:placed_block",
            "conditions": {
                "block": "minecraft:loom"
            }
        }
    },
    "parent": "husbandry/root"
}
