{
    "display": {
        "title": {
            "text": "Agricultura de subsistencia"
        },
        "description": {
            "text": "Cultiva todo lo posible... también de otras dimensiones."
        },
        "icon": {
            "item": "minecraft:cocoa_beans"
        },
        "frame": "challenge",
        "show_toast": true,
        "announce_to_chat": true,
        "hidden": false
    },
    "criteria": {
        "Seeds1": {
            "trigger": "minecraft:item_used_on_block",
            "conditions": {
                "item": {
                    "items": [
                        "minecraft:wheat_seeds"
                    ]
                }
            }
        },
        "Seeds2": {
            "trigger": "minecraft:item_used_on_block",
            "conditions": {
                "item": {
                    "items": [
                        "minecraft:pumpkin_seeds"
                    ]
                }
            }
        },
        "Seeds3": {
            "trigger": "minecraft:item_used_on_block",
            "conditions": {
                "item": {
                    "items": [
                        "minecraft:melon_seeds"
                    ]
                }
            }
        },
        "Seeds4": {
            "trigger": "minecraft:item_used_on_block",
            "conditions": {
                "item": {
                    "items": [
                        "minecraft:cocoa_beans"
                    ]
                }
            }
        },
        "Seeds5": {
            "trigger": "minecraft:item_used_on_block",
            "conditions": {
                "item": {
                    "items": [
                        "minecraft:carrot"
                    ]
                }
            }
        },
        "Seeds6": {
            "trigger": "minecraft:item_used_on_block",
            "conditions": {
                "item": {
                    "items": [
                        "minecraft:potato"
                    ]
                }
            }
        },
        "Seeds7": {
            "trigger": "minecraft:item_used_on_block",
            "conditions": {
                "item": {
                    "items": [
                        "minecraft:beetroot_seeds"
                    ]
                }
            }
        },
        "Seeds8": {
            "trigger": "minecraft:item_used_on_block",
            "conditions": {
                "item": {
                    "items": [
                        "minecraft:nether_wart"
                    ]
                }
            }
        },
        "Seeds9": {
            "trigger": "minecraft:item_used_on_block",
            "conditions": {
                "item": {
                    "items": [
                        "minecraft:chorus_flower"
                    ]
                }
            }
        },
        "Seeds10": {
            "trigger": "minecraft:item_used_on_block",
            "conditions": {
                "item": {
                    "items": [
                        "minecraft:sweet_berries"
                    ]
                }
            }
        },
        "Seeds11": {
            "trigger": "minecraft:item_used_on_block",
            "conditions": {
                "item": {
                    "items": [
                        "minecraft:bamboo"
                    ]
                }
            }
        },
        "Seeds12": {
            "trigger": "minecraft:item_used_on_block",
            "conditions": {
                "item": {
                    "items": [
                        "minecraft:cactus"
                    ]
                }
            }
        },
        "Seeds13": {
            "trigger": "minecraft:item_used_on_block",
            "conditions": {
                "item": {
                    "items": [
                        "minecraft:sugar_cane"
                    ]
                }
            }
        },
        "Seeds14": {
            "trigger": "minecraft:item_used_on_block",
            "conditions": {
                "item": {
                    "items": [
                        "minecraft:glow_berries"
                    ]
                }
            }
        }
    },
    "requirements": [
        [
            "Seeds1"
        ],
        [
            "Seeds2"
        ],
        [
            "Seeds3"
        ],
        [
            "Seeds4"
        ],
        [
            "Seeds5"
        ],
        [
            "Seeds6"
        ],
        [
            "Seeds7"
        ],
        [
            "Seeds8"
        ],
        [
            "Seeds9"
        ],
        [
            "Seeds10"
        ],
        [
            "Seeds11"
        ],
        [
            "Seeds12"
        ],
        [
            "Seeds13"
        ],
        [
            "Seeds14"
        ]
    ],
    "parent": "husbandry/plant_seed"
}
