{
    "criteria": {
        "impossible": {
            "trigger": "minecraft:impossible"
        }
    },
    "display": {
        "announce_to_chat": true,
        "description": {
            "text": "Recibe un regalo de un gato doméstico por la mañana."
        },
        "frame": "goal",
        "hidden": true,
        "icon": {
            "item": "minecraft:string"
        },
        "show_toast": true,
        "title": {
            "text": "¿Dónde has estado?"
        }
    },
    "parent": "husbandry/complete_catalogue"
}
