{
    "criteria": {
        "sleep": {
            "trigger": "minecraft:slept_in_bed"
        },
        "anything": {
            "trigger": "minecraft:inventory_changed",
            "conditions": {
                "items": [
                    {
                        "tag": "minecraft:morning_gifts"
                    }
                ]
            }
        }
    },
    "rewards": {
        "function": "minecraft:receive_cat_gift/start_testing"
    },
    "parent": "minecraft:receive_cat_gift"
}
