{
    "criteria": {
        "impossible": {
            "trigger": "minecraft:impossible"
        }
    },
    "display": {
        "title": {
            "text": "Energia renovable"
        },
        "description": {
            "text": "Usa carbón para transformar troncos de madera en carbón vegetal."
        },
        "icon": {
            "item": "minecraft:charcoal"
        },
        "frame": "task",
        "show_toast": true,
        "announce_to_chat": true,
        "hidden": false
    },
    "parent": "husbandry/furnace"
}
