{
  "display": {
    "icon": {
      "item": "minecraft:spruce_boat"
    },
    "title": {
      "translate": "Abducción polar"
    },
    "description": {
      "translate": "Métete en una barca y flota con un oso polar bebé."
    },
    "frame": "goal",
    "show_toast": true,
    "announce_to_chat": true,
    "hidden": false
  },
  "criteria": {
    "RideABoatWithABear": {
      "trigger": "minecraft:started_riding",
      "conditions": {
        "player": [
          {
            "condition": "minecraft:entity_properties",
            "predicate": {
              "vehicle": {
                "type": "minecraft:boat",
                "passenger": {
                  "type": "minecraft:polar_bear",
                  "flags": {
                    "is_baby": true
                  }
                }
              }
            },
            "entity": "this"
          }
        ]
      }
    }
  },
  "requirements": [
    [
      "RideABoatWithABear"
    ]
  ],
  "parent": "husbandry/ride_a_boat_with_a_goat"
}
