{
    "criteria": {
        "impossible": {
            "trigger": "minecraft:placed_block",
            "conditions": {
                "block": "minecraft:scaffolding",
                "location": {
                    "position": {
                        "y": {
                            "min": 255,
                            "max": 255
                        }
                    }
                }
            }
        }
    },
    "display": {
        "title": {
            "text": "La cima del mundo"
        },
        "description": {
            "text": "Coloca andamios en el límite del mundo."
        },
        "icon": {
            "item": "minecraft:scaffolding"
        },
        "frame": "task",
        "show_toast": true,
        "announce_to_chat": true,
        "hidden": false
    },
    "parent": "husbandry/scaffolding"
}
