{
    "display": {
        "title": {
            "text": "Recortes"
        },
        "description": {
            "text": "	"Utiliza unas tijeras para obtener lana de una oveja."
        },
        "icon": {
            "item": "minecraft:shears"
        },
        "frame": "task",
        "show_toast": true,
        "announce_to_chat": true,
        "hidden": false
    },
    "criteria": {
        "Shears": {
            "trigger": "minecraft:impossible"
        }
    },
    "parent": "husbandry/root"
}
