{
    "criteria": {
        "impossible": {
            "trigger": "minecraft:impossible"
        }
    },
    "display": {
        "title": {
            "text": "¡Funde todo!"
        },
        "description": {
            "text": "Conecta 3 cofres a un solo horno usando 3 tolvas."
        },
        "icon": {
            "item": "minecraft:hopper"
        },
        "frame": "goal",
        "show_toast": true,
        "announce_to_chat": true,
        "hidden": false
    },
    "parent": "husbandry/renewable_energy"
}
