{
    "criteria": {
        "bred": {
            "trigger": "minecraft:bred_animals",
            "conditions": {
                "child": {
                    "type": "minecraft:wolf"
                }
            }
        },
        "tamed": {
            "trigger": "minecraft:tame_animal",
            "conditions": {
                "entity": {
                    "type": "minecraft:wolf"
                }
            }
        }
    },
    "requirements": [
        [
            "bred",
            "tamed"
        ]
    ],
    "rewards": {
        "function": "minecraft:tame_5_wolves/start_testing"
    },
    "parent": "husbandry/tame_5_wolves"
}
