{
    "criteria": {
        "impossible": {
            "trigger": "minecraft:impossible"
        }
    },
    "display": {
        "announce_to_chat": true,
        "description": {
            "text": "Gánate la confianza de un ocelote."
        },
        "frame": "goal",
        "hidden": false,
        "icon": {
            "item": "minecraft:salmon"
        },
        "show_toast": true,
        "title": {
            "text": "Domador de leones"
        }
    },
    "parent": "husbandry/complete_catalogue"
}
