{
    "criteria": {
        "horse": {
            "trigger": "minecraft:tame_animal",
            "conditions": {
                "entity": {
                    "type": "minecraft:horse"
                }
            }
        }
    },
    "display": {
        "title": {
            "text": "Ensilla"
        },
        "description": {
            "text": "Doma un caballo."
        },
        "icon": {
            "item": "minecraft:apple"
        },
        "frame": "task",
        "show_toast": true,
        "announce_to_chat": true,
        "hidden": false
    },
    "parent": "husbandry/tame_an_animal"
}
