{
    "criteria": {
        "impossible1": {
            "trigger": "minecraft:impossible"
        },
        "impossible2": {
            "trigger": "minecraft:impossible"
        },
        "impossible3": {
            "trigger": "minecraft:impossible"
        },
        "impossible4": {
            "trigger": "minecraft:impossible"
        },
        "impossible5": {
            "trigger": "minecraft:impossible"
        }
    },
    "display": {
        "announce_to_chat": true,
        "description": {
            "text": "Entabla amistad con cinco lobos."
        },
        "frame": "goal",
        "hidden": false,
        "icon": {
            "item": "minecraft:bone"
        },
        "show_toast": true,
        "title": {
            "text": "Líder de la manada"
        }
    },
    "parent": "husbandry/tame_an_animal"
}
