{
    "criteria": {
        "impossible1": {
            "trigger": "minecraft:impossible"
        },
        "impossible2": {
            "trigger": "minecraft:impossible"
        },
        "impossible3": {
            "trigger": "minecraft:impossible"
        },
        "impossible4": {
            "trigger": "minecraft:impossible"
        },
        "impossible5": {
            "trigger": "minecraft:impossible"
        },
        "impossible6": {
            "trigger": "minecraft:impossible"
        },
        "impossible7": {
            "trigger": "minecraft:impossible"
        },
        "impossible8": {
            "trigger": "minecraft:impossible"
        },
        "impossible9": {
            "trigger": "minecraft:impossible"
        },
        "impossible10": {
            "trigger": "minecraft:impossible"
        },
        "impossible11": {
            "trigger": "minecraft:impossible"
        },
        "impossible12": {
            "trigger": "minecraft:impossible"
        },
        "impossible13": {
            "trigger": "minecraft:impossible"
        },
        "impossible14": {
            "trigger": "minecraft:impossible"
        },
        "impossible15": {
            "trigger": "minecraft:impossible"
        },
        "impossible16": {
            "trigger": "minecraft:impossible"
        },
        "impossible17": {
            "trigger": "minecraft:impossible"
        },
        "impossible18": {
            "trigger": "minecraft:impossible"
        },
        "impossible19": {
            "trigger": "minecraft:impossible"
        },
        "impossible20": {
            "trigger": "minecraft:impossible"
        }
    },
    "display": {
        "announce_to_chat": true,
        "description": {
            "text": "Entabla amistad con veinte gatos callejeros."
        },
        "frame": "challenge",
        "hidden": false,
        "icon": {
            "item": "minecraft:cooked_cod"
        },
        "show_toast": true,
        "title": {
            "text": "Gatos en exceso"
        }
    },
    "parent": "husbandry/complete_catalogue"
}
