{
    "display": {
        "title": {
            "text": "Splinter y las tortugas"
        },
        "description": {
            "text": "Coloca cuatro huevos de tortuga en el mismo bloque... no los aplastes."
        },
        "icon": {
            "item": "minecraft:turtle_egg"
        },
        "frame": "task",
        "show_toast": true,
        "announce_to_chat": true,
        "hidden": false
    },
    "criteria": {
        "FourEggs": {
            "trigger": "minecraft:placed_block",
            "conditions": {
                "block": "minecraft:turtle_egg",
                "state": {
                    "eggs": "4"
                },
                "item": {
                    "items": [
                        "minecraft:turtle_egg"
                    ]
                }
            }
        }
    },
    "parent": "husbandry/sea_pickles"
}
