{
    "criteria": {
        "impossible": {
            "trigger": "minecraft:impossible"
        }
    },
    "display": {
        "title": {
            "text": "Cuando los cerdos vuelen"
        },
        "description": {
            "text": "Móntate en un cerdo y haz que sufra daño de caída."
        },
        "icon": {
            "item": "minecraft:saddle"
        },
        "frame": "task",
        "show_toast": true,
        "announce_to_chat": true,
        "hidden": true
    },
    "parent": "husbandry/scaffolding"
}
