{
  "display": {
    "icon": {
      "item": "minecraft:conduit"
    },
    "title": "Moskstraumen",
    "description": "Fabrica un canalizador.",
    "frame": "challenge",
    "show_toast": true,
    "announce_to_chat": true,
    "hidden": false
  },
  "parent": "minecraft:adventure/loot_buried_treasure",
  "criteria": {
    "conduit": {
      "trigger": "minecraft:inventory_changed",
      "conditions": {
        "items": [
          {
            "items": [
              "minecraft:conduit"
            ]
          }
        ]
      }
    }
  },
  "rewards": {
    "experience": 100
  }
}
