{
  "display": {
    "icon": {
      "item": "minecraft:wet_sponge"
    },
    "title": "El final profundo",
    "description": "Mata al guardián anciano.",
    "frame": "challenge",
    "show_toast": true,
    "announce_to_chat": true,
    "hidden": false
  },
  "parent": "minecraft:adventure/treasure_hunter",
  "criteria": {
    "elder_guardian": {
      "trigger": "minecraft:player_killed_entity",
      "conditions": {
        "entity": {
          "type": "minecraft:elder_guardian"
        }
      }
    }
  },
  "rewards": {
    "experience": 100
  }
}
