{
  "display": {
    "icon": {
      "item": "minecraft:iron_axe"
    },
    "title": "El resplandor",
    "description": "Mata un vindicador llamado \"Johnny\".",
    "frame": "goal",
    "show_toast": true,
    "announce_to_chat": true,
    "hidden": true
  },
  "parent": "minecraft:adventure/voluntary_exile",
  "criteria": {
    "ravager": {
      "trigger": "minecraft:player_killed_entity",
      "conditions": {
        "entity": {
          "type": "minecraft:vindicator",
          "nbt": "{CustomName:'{\"text\":\"Johnny\"}'}"
        }
      }
    }
  }
}
