{
  "display": {
    "icon": {
      "item": "minecraft:sculk_shrieker"
    },
    "title": "La oscuridad ha caído!",
    "description": "Mata al warden.",
    "frame": "challenge",
    "show_toast": true,
    "announce_to_chat": true,
    "hidden": false
  },
  "parent": "minecraft:adventure/sculk",
  "criteria": {
    "warden": {
      "trigger": "minecraft:player_killed_entity",
      "conditions": {
        "entity": {
          "type": "minecraft:warden"
        }
      }
    }
  },
  "rewards": {
    "experience": 200
  }
}
