{
  "display": {
    "icon": {
      "item": "minecraft:music_disc_5"
    },
    "title": "Ultrasonidos",
    "description": "Reproduce el disco 5 en un tocadiscos.",
    "frame": "goal",
    "show_toast": true,
    "announce_to_chat": true,
    "hidden": true
  },
  "parent": "minecraft:adventure/loot_ancient_city",
  "criteria": {
    "music_disc": {
      "trigger": "minecraft:item_used_on_block",
      "conditions": {
        "item": {
          "items": [
            "minecraft:music_disc_5"
          ]
        },
        "location": {
          "block": {
            "blocks": [
              "minecraft:jukebox"
            ]
          }
        }
      }
    }
  }
}
