{
  "display": {
    "icon": {
      "item": "minecraft:iron_boots"
    },
    "title": "Viajes corrientes",
    "description": "Descubre todas las estructuras.",
    "frame": "challenge",
    "show_toast": true,
    "announce_to_chat": true,
    "hidden": true
  },
  "parent": "minecraft:adventure/adventuring_time",
  "criteria": {
    "structure_1": {
      "trigger": "minecraft:location",
      "conditions": {
        "player": {
          "location": {
            "structure": "minecraft:ancient_city"
          }
        }
      }
    },
    "structure_2": {
      "trigger": "minecraft:location",
      "conditions": {
        "player": {
          "location": {
            "structure": "minecraft:bastion_remnant"
          }
        }
      }
    },
    "structure_3": {
      "trigger": "minecraft:location",
      "conditions": {
        "player": {
          "location": {
            "structure": "minecraft:buried_treasure"
          }
        }
      }
    },
    "structure_4": {
      "trigger": "minecraft:location",
      "conditions": {
        "player": {
          "location": {
            "structure": "minecraft:desert_pyramid"
          }
        }
      }
    },
    "structure_5": {
      "trigger": "minecraft:location",
      "conditions": {
        "player": {
          "location": {
            "structure": "minecraft:end_city"
          }
        }
      }
    },
    "structure_6": {
      "trigger": "minecraft:location",
      "conditions": {
        "player": {
          "location": {
            "structure": "minecraft:fortress"
          }
        }
      }
    },
    "structure_7": {
      "trigger": "minecraft:location",
      "conditions": {
        "player": {
          "location": {
            "structure": "minecraft:igloo"
          }
        }
      }
    },
    "structure_8": {
      "trigger": "minecraft:location",
      "conditions": {
        "player": {
          "location": {
            "structure": "minecraft:jungle_pyramid"
          }
        }
      }
    },
    "structure_9": {
      "trigger": "minecraft:location",
      "conditions": {
        "player": {
          "location": {
            "structure": "minecraft:mansion"
          }
        }
      }
    },
    "structure_10": {
      "trigger": "minecraft:location",
      "conditions": {
        "player": {
          "location": {
            "structure": "#minecraft:mineshaft"
          }
        }
      }
    },
    "structure_11": {
      "trigger": "minecraft:location",
      "conditions": {
        "player": {
          "location": {
            "structure": "minecraft:monument"
          }
        }
      }
    },
    "structure_12": {
      "trigger": "minecraft:location",
      "conditions": {
        "player": {
          "location": {
            "structure": "minecraft:nether_fossil"
          }
        }
      }
    },
    "structure_13": {
      "trigger": "minecraft:location",
      "conditions": {
        "player": {
          "location": {
            "structure": "#minecraft:ocean_ruin"
          }
        }
      }
    },
    "structure_14": {
      "trigger": "minecraft:location",
      "conditions": {
        "player": {
          "location": {
            "structure": "minecraft:pillager_outpost"
          }
        }
      }
    },
    "structure_15": {
      "trigger": "minecraft:location",
      "conditions": {
        "player": {
          "location": {
            "structure": "#minecraft:ruined_portal"
          }
        }
      }
    },
    "structure_16": {
      "trigger": "minecraft:location",
      "conditions": {
        "player": {
          "location": {
            "structure": "#minecraft:shipwreck"
          }
        }
      }
    },
    "structure_17": {
      "trigger": "minecraft:location",
      "conditions": {
        "player": {
          "location": {
            "structure": "minecraft:stronghold"
          }
        }
      }
    },
    "structure_18": {
      "trigger": "minecraft:location",
      "conditions": {
        "player": {
          "location": {
            "structure": "minecraft:swamp_hut"
          }
        }
      }
    },
    "structure_19": {
      "trigger": "minecraft:location",
      "conditions": {
        "player": {
          "location": {
            "structure": "#minecraft:village"
          }
        }
      }
    }
  },
  "requirements": [
    [
      "structure_1"
    ],
    [
      "structure_2"
    ],
    [
      "structure_3"
    ],
    [
      "structure_4"
    ],
    [
      "structure_5"
    ],
    [
      "structure_6"
    ],
    [
      "structure_7"
    ],
    [
      "structure_8"
    ],
    [
      "structure_9"
    ],
    [
      "structure_10"
    ],
    [
      "structure_11"
    ],
    [
      "structure_12"
    ],
    [
      "structure_13"
    ],
    [
      "structure_14"
    ],
    [
      "structure_15"
    ],
    [
      "structure_16"
    ],
    [
      "structure_17"
    ],
    [
      "structure_18"
    ],
    [
      "structure_19"
    ]
  ],
  "rewards": {
    "experience": 1000
  }
}
