{
  "display": {
    "icon": {
      "item": "minecraft:trident"
    },
    "title": "Hacer la croqueta",
    "description": "Usa un tridente para darte un impulso fuera del agua.",
    "frame": "goal",
    "show_toast": true,
    "announce_to_chat": true,
    "hidden": false
  },
  "parent": "minecraft:adventure/throw_trident",
  "criteria": {
    "riptide": {
      "trigger": "minecraft:item_durability_changed",
      "conditions": {
        "item": {
          "items": [
            "minecraft:trident"
          ],
          "enchantments": [
            {
              "enchantment": "minecraft:riptide"
            }
          ]
        }
      }
    }
  }
}
