{
  "display": {
    "icon": {
      "item": "minecraft:sculk"
    },
    "title": "Me gustan las almas",
    "description": "Consigue un bloque de sculk.",
    "frame": "goal",
    "show_toast": true,
    "announce_to_chat": true,
    "hidden": false
  },
  "parent": "minecraft:adventure/avoid_vibration",
  "criteria": {
    "sculk": {
      "trigger": "minecraft:inventory_changed",
      "conditions": {
        "items": [
          {
            "items": [
              "minecraft:sculk"
            ]
          }
        ]
      }
    }
  }
}
