{
  "display": {
    "icon": {
      "item": "minecraft:sponge"
    },
    "title": "Sequía",
    "description": "Seca una esponja en un horno.",
    "frame": "goal",
    "show_toast": true,
    "announce_to_chat": true,
    "hidden": true
  },
  "parent": "minecraft:adventure/kill_elder_guardian",
  "criteria": {
    "sponge": {
      "trigger": "minecraft:inventory_changed",
      "conditions": {
        "items": [
          {
            "items": [
              "minecraft:sponge"
            ]
          }
        ]
      }
    }
  }
}
