{
    "display": {
        "title": {
            "text": "Ups, efecto equivocado"
        },
        "description": {
            "text": "Lleva un hoglin a la superficie, espera a que se zombifique... y mátalo con pociones de curación."
        },
        "icon": {
            "item": "minecraft:rotten_flesh"
        },
        "frame": "goal",
        "show_toast": true,
        "announce_to_chat": true,
        "hidden": false
    },
    "criteria": {
        "Zoglin1": {
            "trigger": "minecraft:player_killed_entity",
            "conditions": {
                "entity": {
                    "type": "minecraft:zoglin"
                },
                "killing_blow": {
                    "direct_entity": {
                        "type": "minecraft:potion",
                        "nbt": "{Item:{id:\"minecraft:splash_potion\",Count:1b,tag:{Potion:\"minecraft:healing\"}}}"
                    }
                }
            }
        },
        "Zoglin2": {
            "trigger": "minecraft:player_killed_entity",
            "conditions": {
                "entity": {
                    "type": "minecraft:zoglin",
                    "nbt": "{Item:{id:\"minecraft:splash_potion\",Count:1b,tag:{Potion:\"minecraft:strong_healing\"}}}"
                },
                "killing_blow": {
                    "direct_entity": {
                        "type": "minecraft:potion"
                    }
                }
            }
        }
    },
    "requirements": [
        [
            "Zoglin1",
            "Zoglin2"
        ]
    ],
    "parent": "nether/kill_hoglin"
}
