{
    "criteria": {
        "PiglinBrute": {
            "trigger": "minecraft:player_killed_entity",
            "conditions": {
                "entity": {
                    "type": "minecraft:piglin_brute"
                },
                "killing_blow": {
                    "source_entity": {
                        "equipment": {
                            "mainhand": {
                                "items": [
                                    "minecraft:golden_axe"
                                ]
                            }
                        }
                    }
                }
            }
        }
    },
    "requirements": [
        [
            "PiglinBrute"
        ]
    ],
    "display": {
        "title": {
            "text": "Duelo de hachas"
        },
        "description": {
            "text": "Mata a un piglin bruto con un hacha de oro."
        },
        "icon": {
            "item": "minecraft:golden_axe"
        },
        "frame": "task",
        "show_toast": true,
        "announce_to_chat": true,
        "hidden": false
    },
    "parent": "nether/find_bastion"
}
