{
    "display": {
        "title": {
            "text": "Alguna intención con eso?"
        },
        "description": {
            "text": "Obtain a goat horn"
        },
        "icon": {
            "item": "minecraft:goat_horn"
        },
        "frame": "task",
        "show_toast": true,
        "announce_to_chat": true,
        "hidden": false
    },
    "criteria": {
        "Scute": {
            "trigger": "minecraft:inventory_changed",
            "conditions": {
                "items": [
                    {
                        "items": [
                            "minecraft:goat_horn"
                        ]
                    }
                ]
            }
        }
    },
    "parent": "husbandry/root"
}
