{
    "display": {
        "title": {
            "text": "Lento pero constante"
        },
        "description": {
            "text": "Consigue una escama de tortuga."
        },
        "icon": {
            "item": "minecraft:scute"
        },
        "frame": "task",
        "show_toast": true,
        "announce_to_chat": true,
        "hidden": false
    },
    "criteria": {
        "Scute": {
            "trigger": "minecraft:inventory_changed",
            "conditions": {
                "items": [
                    {
                        "items": [
                            "minecraft:scute"
                        ]
                    }
                ]
            }
        }
    },
    "parent": "husbandry/seagrass"
}
