{
    "display": {
        "title": {
            "text": "Vida aburrida"
        },
        "description": {
            "text": "Coloca cuatro pepinos de mar en el mismo bloque bajo el agua."
        },
        "icon": {
            "item": "minecraft:sea_pickle"
        },
        "frame": "task",
        "show_toast": true,
        "announce_to_chat": true,
        "hidden": false
    },
    "criteria": {
        "SeaPickle": {
            "trigger": "minecraft:placed_block",
            "conditions": {
                "block": "minecraft:sea_pickle",
                "state": {
                    "pickles": "4",
                    "waterlogged": "true"
                }
            }
        }
    },
    "parent": "husbandry/seagrass"
}
