{
    "display": {
        "title": {
            "text": "¿Llamas o alpacas?"
        },
        "description": {
            "text": "¡Domestica a todas las especies de llama!"
        },
        "icon": {
            "item": "minecraft:hay_block"
        },
        "frame": "challenge",
        "show_toast": true,
        "announce_to_chat": true,
        "hidden": false
    },
    "criteria": {
        "Llamas1": {
            "trigger": "minecraft:tame_animal",
            "conditions": {
                "entity": {
                    "type": "minecraft:llama",
                    "nbt": "{Variant:0}"
                }
            }
        },
        "Llamas2": {
            "trigger": "minecraft:tame_animal",
            "conditions": {
                "entity": {
                    "type": "minecraft:llama",
                    "nbt": "{Variant:1}"
                }
            }
        },
        "Llamas3": {
            "trigger": "minecraft:tame_animal",
            "conditions": {
                "entity": {
                    "type": "minecraft:llama",
                    "nbt": "{Variant:2}"
                }
            }
        },
        "Llamas4": {
            "trigger": "minecraft:tame_animal",
            "conditions": {
                "entity": {
                    "type": "minecraft:llama",
                    "nbt": "{Variant:3}"
                }
            }
        },
        "Llamas5": {
            "trigger": "minecraft:tame_animal",
            "conditions": {
                "entity": {
                    "type": "minecraft:trader_llama"
                }
            }
        }
    },
    "requirements": [
        [
            "Llamas1"
        ],
        [
            "Llamas2"
        ],
        [
            "Llamas3"
        ],
        [
            "Llamas4"
        ],
        [
            "Llamas5"
        ]
    ],
    "parent": "husbandry/tame_an_animal"
}
