{
    "display": {
        "title": {
            "text": "Abandona el triángulo"
        },
        "description": {
            "text": "¡Atrapa todos los peces tropicales predeterminados!"
        },
        "icon": {
            "item": "minecraft:tropical_fish_bucket"
        },
        "frame": "challenge",
        "show_toast": true,
        "announce_to_chat": true,
        "hidden": true
    },
    "criteria": {
        "TropicalFish1": {
            "trigger": "minecraft:filled_bucket",
            "conditions": {
                "item": {
                    "nbt": "{BucketVariantTag:65536}",
                    "items": [
                        "minecraft:tropical_fish_bucket"
                    ]
                }
            }
        },
        "TropicalFish2": {
            "trigger": "minecraft:filled_bucket",
            "conditions": {
                "item": {
                    "nbt": "{BucketVariantTag:918529}",
                    "items": [
                        "minecraft:tropical_fish_bucket"
                    ]
                }
            }
        },
        "TropicalFish3": {
            "trigger": "minecraft:filled_bucket",
            "conditions": {
                "item": {
                    "nbt": "{BucketVariantTag:50726144}",
                    "items": [
                        "minecraft:tropical_fish_bucket"
                    ]
                }
            }
        },
        "TropicalFish4": {
            "trigger": "minecraft:filled_bucket",
            "conditions": {
                "item": {
                    "nbt": "{BucketVariantTag:67110144}",
                    "items": [
                        "minecraft:tropical_fish_bucket"
                    ]
                }
            }
        },
        "TropicalFish5": {
            "trigger": "minecraft:filled_bucket",
            "conditions": {
                "item": {
                    "nbt": "{BucketVariantTag:101253888}",
                    "items": [
                        "minecraft:tropical_fish_bucket"
                    ]
                }
            }
        },
        "TropicalFish6": {
            "trigger": "minecraft:filled_bucket",
            "conditions": {
                "item": {
                    "nbt": "{BucketVariantTag:117441536}",
                    "items": [
                        "minecraft:tropical_fish_bucket"
                    ]
                }
            }
        },
        "TropicalFish7": {
            "trigger": "minecraft:filled_bucket",
            "conditions": {
                "item": {
                    "nbt": "{BucketVariantTag:118161664}",
                    "items": [
                        "minecraft:tropical_fish_bucket"
                    ]
                }
            }
        },
        "TropicalFish8": {
            "trigger": "minecraft:filled_bucket",
            "conditions": {
                "item": {
                    "nbt": "{BucketVariantTag:234882305}",
                    "items": [
                        "minecraft:tropical_fish_bucket"
                    ]
                }
            }
        },
        "TropicalFish9": {
            "trigger": "minecraft:filled_bucket",
            "conditions": {
                "item": {
                    "nbt": "{BucketVariantTag:917504}",
                    "items": [
                        "minecraft:tropical_fish_bucket"
                    ]
                }
            }
        },
        "TropicalFish10": {
            "trigger": "minecraft:filled_bucket",
            "conditions": {
                "item": {
                    "nbt": "{BucketVariantTag:16778497}",
                    "items": [
                        "minecraft:tropical_fish_bucket"
                    ]
                }
            }
        },
        "TropicalFish11": {
            "trigger": "minecraft:filled_bucket",
            "conditions": {
                "item": {
                    "nbt": "{BucketVariantTag:67371265}",
                    "items": [
                        "minecraft:tropical_fish_bucket"
                    ]
                }
            }
        },
        "TropicalFish12": {
            "trigger": "minecraft:filled_bucket",
            "conditions": {
                "item": {
                    "nbt": "{BucketVariantTag:117441025}",
                    "items": [
                        "minecraft:tropical_fish_bucket"
                    ]
                }
            }
        },
        "TropicalFish13": {
            "trigger": "minecraft:filled_bucket",
            "conditions": {
                "item": {
                    "nbt": "{BucketVariantTag:117506305}",
                    "items": [
                        "minecraft:tropical_fish_bucket"
                    ]
                }
            }
        },
        "TropicalFish14": {
            "trigger": "minecraft:filled_bucket",
            "conditions": {
                "item": {
                    "nbt": "{BucketVariantTag:256}",
                    "items": [
                        "minecraft:tropical_fish_bucket"
                    ]
                }
            }
        },
        "TropicalFish15": {
            "trigger": "minecraft:filled_bucket",
            "conditions": {
                "item": {
                    "nbt": "{BucketVariantTag:235340288}",
                    "items": [
                        "minecraft:tropical_fish_bucket"
                    ]
                }
            }
        },
        "TropicalFish16": {
            "trigger": "minecraft:filled_bucket",
            "conditions": {
                "item": {
                    "nbt": "{BucketVariantTag:918273}",
                    "items": [
                        "minecraft:tropical_fish_bucket"
                    ]
                }
            }
        },
        "TropicalFish17": {
            "trigger": "minecraft:filled_bucket",
            "conditions": {
                "item": {
                    "nbt": "{BucketVariantTag:50660352}",
                    "items": [
                        "minecraft:tropical_fish_bucket"
                    ]
                }
            }
        },
        "TropicalFish18": {
            "trigger": "minecraft:filled_bucket",
            "conditions": {
                "item": {
                    "nbt": "{BucketVariantTag:67108865}",
                    "items": [
                        "minecraft:tropical_fish_bucket"
                    ]
                }
            }
        },
        "TropicalFish19": {
            "trigger": "minecraft:filled_bucket",
            "conditions": {
                "item": {
                    "nbt": "{BucketVariantTag:67764993}",
                    "items": [
                        "minecraft:tropical_fish_bucket"
                    ]
                }
            }
        },
        "TropicalFish20": {
            "trigger": "minecraft:filled_bucket",
            "conditions": {
                "item": {
                    "nbt": "{BucketVariantTag:117441280}",
                    "items": [
                        "minecraft:tropical_fish_bucket"
                    ]
                }
            }
        },
        "TropicalFish21": {
            "trigger": "minecraft:filled_bucket",
            "conditions": {
                "item": {
                    "nbt": "{BucketVariantTag:117899265}",
                    "items": [
                        "minecraft:tropical_fish_bucket"
                    ]
                }
            }
        },
        "TropicalFish22": {
            "trigger": "minecraft:filled_bucket",
            "conditions": {
                "item": {
                    "nbt": "{BucketVariantTag:185008129}",
                    "items": [
                        "minecraft:tropical_fish_bucket"
                    ]
                }
            }
        }
    },
    "requirements": [
        [
            "TropicalFish1"
        ],
        [
            "TropicalFish2"
        ],
        [
            "TropicalFish3"
        ],
        [
            "TropicalFish4"
        ],
        [
            "TropicalFish5"
        ],
        [
            "TropicalFish6"
        ],
        [
            "TropicalFish7"
        ],
        [
            "TropicalFish8"
        ],
        [
            "TropicalFish9"
        ],
        [
            "TropicalFish10"
        ],
        [
            "TropicalFish11"
        ],
        [
            "TropicalFish12"
        ],
        [
            "TropicalFish13"
        ],
        [
            "TropicalFish14"
        ],
        [
            "TropicalFish15"
        ],
        [
            "TropicalFish16"
        ],
        [
            "TropicalFish17"
        ],
        [
            "TropicalFish18"
        ],
        [
            "TropicalFish19"
        ],
        [
            "TropicalFish20"
        ],
        [
            "TropicalFish21"
        ],
        [
            "TropicalFish22"
        ]
    ],
    "parent": "husbandry/tactical_fishing"
}
