{
    "criteria": {
        "impossible": {
            "trigger": "minecraft:impossible"
        }
    },
    "display": {
        "title": {
            "text": "Comerciante maestro"
        },
        "description": {
            "text": "Intercambia 1.000 esmeraldas."
        },
        "icon": {
            "item": "minecraft:emerald_block"
        },
        "frame": "challenge",
        "show_toast": true,
        "announce_to_chat": true,
        "hidden": false
    },
    "parent": "adventure/30_emeralds"
}
