{
    "criteria": {
        "impossible": {
            "trigger": "minecraft:impossible"
        }
    },
    "display": {
        "title": {
            "text": "Pasando el tiempo"
        },
        "description": {
            "text": "Juega 100 días."
        },
        "icon": {
            "item": "minecraft:clock"
        },
        "frame": "challenge",
        "show_toast": true,
        "announce_to_chat": true,
        "hidden": false
    },
    "parent": "adventure/sleep_in_bed"
}
