{
    "criteria": {
        "impossible": {
            "trigger": "minecraft:impossible"
        }
    },
    "display": {
        "title": {
            "text": "Tacaños extremos"
        },
        "description": {
            "text": "Consigue o gasta 30 esmeraldas comerciando con aldeanos."
        },
        "icon": {
            "item": "minecraft:emerald"
        },
        "frame": "goal",
        "show_toast": true,
        "announce_to_chat": true,
        "hidden": false
    },
    "parent": "adventure/buy_low_sell_high"
}
