{
    "criteria": {
        "impossible": {
            "trigger": "minecraft:impossible"
        }
    },
    "display": {
        "announce_to_chat": true,
        "description": {
            "text": "Intercambia por el mejor precio posible."
        },
        "frame": "task",
        "hidden": false,
        "icon": {
            "item": "minecraft:emerald"
        },
        "show_toast": true,
        "title": {
            "text": "Compra barato, vende caro"
        }
    },
    "parent": "adventure/trade_at_world_height"
}
