{
    "criteria": {
        "conduit": {
            "trigger": "minecraft:placed_block",
            "conditions": {
                "block": "minecraft:conduit"
            }
        },
        "conduit_power": {
            "trigger": "minecraft:effects_changed",
            "conditions": {
                "effects": {
                    "minecraft:conduit_power": {
                        "duration": {
                            "min": 1,
                            "max": 9999999
                        }
                    }
                }
            }
        }
    },
    "display": {
        "title": {
            "text": "Moskstraumen"
        },
        "description": {
            "text": "Activa un canalizador."
        },
        "icon": {
            "item": "minecraft:conduit"
        },
        "frame": "challenge",
        "show_toast": true,
        "announce_to_chat": true,
        "hidden": false
    },
    "parent": "adventure/loot_buried_treasure"
}
