{
    "criteria": {
        "wet_sponge": {
            "trigger": "minecraft:inventory_changed",
            "conditions": {
                "items": [
                    {
                        "items": [
                            "minecraft:sponge"
                        ]
                    }
                ]
            }
        }
    },
    "display": {
        "title": {
            "text": "Hechizo secador"
        },
        "description": {
            "text": "Seca una esponja mojada en un horno."
        },
        "icon": {
            "item": "minecraft:sponge"
        },
        "frame": "challenge",
        "show_toast": true,
        "announce_to_chat": true,
        "hidden": true
    },
    "parent": "adventure/kill_elder_guardian"
}
