{
  "display": {
    "icon": {
      "item": "minecraft:stripped_oak_log"
    },
    "title": {
      "text": "¡Ah del barco!"
    },
    "description": {
      "text": "Encuentra un naufragio."
    },
    "frame": "task",
    "show_toast": true,
    "announce_to_chat": true,
    "hidden": false
  },
  "criteria": {
    "shipwreck1": {
      "trigger": "minecraft:location",
      "conditions": {
        "player": {
          "location": {
            "structure": "minecraft:shipwreck"
          }
        }
      }
    },
    "shipwreck2": {
      "trigger": "minecraft:location",
      "conditions": {
        "player": {
          "location": {
            "structure": "minecraft:shipwreck_beached"
          }
        }
      }
    }
  },
  "requirements": [
    [
      "shipwreck1",
      "shipwreck2"
    ]
  ],
  "parent": "adventure/root"
}