{
    "criteria": {
        "impossible": {
            "trigger": "minecraft:impossible"
        }
    },
    "display": {
        "title": {
            "text": "Estación de carga"
        },
        "description": {
            "text": "Usa una tolva para mover objetos de una vagoneta con cofre a un cofre."
        },
        "icon": {
            "item": "minecraft:chest_minecart"
        },
        "frame": "task",
        "show_toast": true,
        "announce_to_chat": true,
        "hidden": false
    },
    "parent": "adventure/root"
}
