{
    "criteria": {
        "impossible": {
            "trigger": "minecraft:impossible"
        }
    },
    "display": {
        "title": {
            "text": "¡Suéltalo!"
        },
        "description": {
            "text": "Camina por encima de un océano profundo con unas botas con paso helado."
        },
        "icon": {
            "item": "minecraft:ice"
        },
        "frame": "task",
        "show_toast": true,
        "announce_to_chat": true,
        "hidden": false
    },
    "parent": "adventure/root"
}
