{
    "criteria": {
        "boots": {
            "trigger": "minecraft:inventory_changed",
            "conditions": {
                "items": [
                    {
                        "enchantments": [
                            {
                                "enchantment": "minecraft:frost_walker"
                            }
                        ]
                    }
                ]
            }
        },
        "deep_ocean": {
            "trigger": "minecraft:location",
            "conditions": {
                "player": {
                    "location": {
                        "biome": "minecraft:deep_ocean"
                    }
                }
            }
        },
        "deep_warm_ocean": {
            "trigger": "minecraft:location",
            "conditions": {
                "player": {
                    "location": {
                        "biome": "minecraft:deep_warm_ocean"
                    }
                }
            }
        },
        "deep_lukewarm_ocean": {
            "trigger": "minecraft:location",
            "conditions": {
                "player": {
                    "location": {
                        "biome": "minecraft:deep_lukewarm_ocean"
                    }
                }
            }
        },
        "deep_cold_ocean": {
            "trigger": "minecraft:location",
            "conditions": {
                "player": {
                    "location": {
                        "biome": "minecraft:deep_cold_ocean"
                    }
                }
            }
        },
        "deep_frozen_ocean": {
            "trigger": "minecraft:location",
            "conditions": {
                "player": {
                    "location": {
                        "biome": "minecraft:deep_frozen_ocean"
                    }
                }
            }
        }
    },
    "requirements": [
        [
            "boots"
        ],
        [
            "deep_ocean",
            "deep_warm_ocean",
            "deep_lukewarm_ocean",
            "deep_cold_ocean",
            "deep_frozen_ocean"
        ]
    ],
    "rewards": {
        "function": "minecraft:frost_walker_boots/start_testing"
    },
    "parent": "adventure/frost_walker_boots"
}
