{
    "criteria": {
        "eguardian": {
            "trigger": "minecraft:player_killed_entity",
            "conditions": {
                "entity": {
                    "type": "minecraft:elder_guardian"
                },
                "killing_blow": {
                    "source_entity": {
                        "type": "minecraft:player"
                    }
                }
            }
        }
    },
    "display": {
        "announce_to_chat": true,
        "description": {
            "text": "Mata al guardián anciano."
        },
        "frame": "challenge",
        "hidden": false,
        "icon": {
            "item": "minecraft:wet_sponge"
        },
        "show_toast": true,
        "title": {
            "text": "En lo más profundo"
        }
    },
    "parent": "adventure/treasure_hunter"
}
