{
    "display": {
        "title": {
            "text": "¡Mi oro!"
        },
        "description": {
            "text": "Desentierra un tesorro."
        },
        "icon": {
            "item": "minecraft:heart_of_the_sea"
        },
        "frame": "goal",
        "show_toast": true,
        "announce_to_chat": true,
        "hidden": false
    },
    "criteria": {
        "treasure": {
            "trigger": "minecraft:player_generates_container_loot",
            "conditions": {
                "loot_table": "minecraft:chests/buried_tresure"
            }
        }
    },
    "parent": "adventure/find_shipwreck"
}
