{
    "criteria": {
        "impossible": {
            "trigger": "minecraft:impossible"
        }
    },
    "display": {
        "title": {
            "text": "Todo sobre ruedas"
        },
        "description": {
            "text": "Viaja en vagoneta hasta un punto a 500 m de distancia."
        },
        "icon": {
            "item": "minecraft:rail"
        },
        "frame": "challenge",
        "show_toast": true,
        "announce_to_chat": true,
        "hidden": false
    },
    "rewards": {
        "experience": 50
    },
    "parent": "adventure/freight_station"
}
