{
    "criteria": {
        "trident": {
            "trigger": "minecraft:item_durability_changed",
            "conditions": {
                "item": {
                    "enchantments": [
                        {
                            "enchantment": "minecraft:riptide"
                        }
                    ],
                    "items": [
                        "minecraft:trident"
                    ]
                }
            }
        }
    },
    "display": {
        "title": {
            "text": "¡Haz el tonel!"
        },
        "description": {
            "text": "Usa un tridente con propulsión acuática para darte impulso bajo el agua."
        },
        "icon": {
            "item": "minecraft:trident"
        },
        "frame": "task",
        "show_toast": true,
        "announce_to_chat": true,
        "hidden": false
    },
    "parent": "adventure/throw_trident"
}
