{
    "criteria": {
        "impossible": {
            "trigger": "minecraft:impossible"
        }
    },
    "display": {
        "title": {
            "text": "¡Dad la alarma!"
        },
        "description": {
            "text": "Haz sonar la campana cuando haya un enemigo en la aldea."
        },
        "icon": {
            "item": "minecraft:bell"
        },
        "frame": "task",
        "show_toast": true,
        "announce_to_chat": true,
        "hidden": false
    },
    "parent": "adventure/voluntary_exile"
}
