{
    "criteria": {
        "impossible": {
            "trigger": "minecraft:impossible"
        }
    },
    "display": {
        "title": {
            "text": "Trampolín"
        },
        "description": {
            "text": "Rebota 30 bloques en un bloque de slime."
        },
        "icon": {
            "item": "minecraft:slime_block"
        },
        "frame": "task",
        "show_toast": true,
        "announce_to_chat": true,
        "hidden": false
    },
    "parent": "adventure/honey_block_slide"
}
