{
    "criteria": {
        "impossible": {
            "trigger": "minecraft:impossible"
        }
    },
    "display": {
        "announce_to_chat": true,
        "description": {
            "text": "Consigue un mapa de un cartógrafo y luego entra en la estructura revelada."
        },
        "frame": "task",
        "hidden": false,
        "icon": {
            "item": "minecraft:filled_map",
            "nbt": "{display:{MapColor:3830373}}"
        },
        "show_toast": true,
        "title": {
            "text": "Cazatesoros"
        }
    },
    "parent": "adventure/trade"
}
