{
    "display": {
        "title": {
            "text": "Sweet Old Memories"
        },
        "description": {
            "text": "Place a loom, can be used to customize banners"
        },
        "icon": {
            "item": "minecraft:loom"
        },
        "frame": "task",
        "show_toast": true,
        "announce_to_chat": true,
        "hidden": false
    },
    "criteria": {
        "Loom": {
            "trigger": "minecraft:placed_block",
            "conditions": {
                "block": "minecraft:loom"
            }
        }
    },
    "parent": "husbandry/root"
}
