{
  "display": {
    "icon": {
      "item": "minecraft:dark_oak_boat"
    },
    "title": {
      "translate": "Nave de obsidiana"
    },
    "description": {
      "translate": "Métete en una barca y flota con un hoglin bebé."
    },
    "frame": "challenge",
    "show_toast": true,
    "announce_to_chat": true,
    "hidden": true
  },
  "criteria": {
    "RideABoatWithAHoglin": {
      "trigger": "minecraft:started_riding",
      "conditions": {
        "player": [
          {
            "condition": "minecraft:entity_properties",
            "predicate": {
              "vehicle": {
                "type": "minecraft:boat",
                "passenger": {
                  "type": "minecraft:hoglin",
                  "flags": {
                    "is_baby": true
                  }
                }
              }
            },
            "entity": "this"
          }
        ]
      }
    }
  },
  "requirements": [
    [
      "RideABoatWithAHoglin"
    ]
  ],
  "parent": "husbandry/ride_a_boat_with_a_shulker"
}
