{
    "display": {
        "title": {
            "text": "This Goes Up?"
        },
        "description": {
            "text": "Place and use a scaffolding"
        },
        "icon": {
            "item": "minecraft:scaffolding"
        },
        "frame": "task",
        "show_toast": true,
        "announce_to_chat": true,
        "hidden": false
    },
    "criteria": {
        "Scaffolding": {
            "trigger": "minecraft:enter_block",
            "conditions": {
                "block": "minecraft:scaffolding"
            }
        }
    },
    "parent": "husbandry/root"
}
