{
  "display": {
    "icon": {
      "item": "minecraft:red_shulker_box"
    },
    "title": "Mago organizador",
    "description": "Nombra una caja de shulker con un yunque.",
    "frame": "goal",
    "show_toast": true,
    "announce_to_chat": true,
    "hidden": false
  },
  "parent": "minecraft:end/shulker_box",
  "criteria": {
    "shulker_box": {
      "trigger": "minecraft:inventory_changed",
      "conditions": {
        "items": [
          {
            "tag": "minecraft:shulker_boxes",
            "nbt": "{display:{}}"
          }
        ]
      }
    }
  }
}
