{
    "display": {
        "title": {
            "text": "Un brillo áureo"
        },
        "description": {
            "text": "Consigue piedra negra áurea en una bastión en ruinas."
        },
        "icon": {
            "item": "minecraft:gilded_blackstone"
        },
        "frame": "task",
        "show_toast": true,
        "announce_to_chat": true,
        "hidden": false
    },
    "criteria": {
        "GildedBlackstone": {
            "trigger": "minecraft:inventory_changed",
            "conditions": {
                "items": [
                    {
                        "items": [
                            "minecraft:gilded_blackstone"
                        ]
                    }
                ]
            }
        }
    },
    "parent": "nether/find_bastion"
}
