{
    "display": {
        "title": {
            "text": "Forjado con almas"
        },
        "description": {
            "text": "Consigue una flecha espectral."
        },
        "icon": {
            "item": "minecraft:spectral_arrow"
        },
        "frame": "task",
        "show_toast": true,
        "announce_to_chat": true,
        "hidden": false
    },
    "criteria": {
        "SpectralArrow": {
            "trigger": "minecraft:inventory_changed",
            "conditions": {
                "items": [
                    {
                        "items": [
                            "minecraft:spectral_arrow"
                        ]
                    }
                ]
            }
        }
    },
    "parent": "nether/glowstone_dust"
}
